,0,1,2,3,4,5,6,7,8,9,10,11,12,13,14,15,16,17,18,19,20,21,22,23,24,25,26,27,28,29,30,31,32,33,34,35,36,37,38,39,40,41,42,43,44,45,46,47,48,49,50,51,52,53,54,55,56,57,58,59,60,61,62,63,64,65,66,67,68,69,70,71,72
0,0.0,0.0,0.0,0.005067622616913802,0.0,0.0,0.09121720710444844,0.0,0.0027700831024930752,0.0,0.0055401662049861505,0.0,0.0,0.0,0.0,0.0,0.0,0.0,0.0,0.0027700831024930752,0.0,0.010135245233827604,0.0,0.0,0.0,0.0,0.0,0.0,0.0,0.010607788821899953,0.0027700831024930752,0.0,0.12458856118624737,0.0,0.0,0.0,0.0,0.0,0.04560860355222422,0.0,0.0,0.0,0.005067622616913802,0.0027700831024930752,0.0,0.0,0.03547335831839662,0.0,0.0,0.0,0.0,0.0,0.0,0.0,0.06587909401987943,0.0,0.005067622616913802,0.0,0.008310249307479225,0.0,0.0,0.005067622616913802,0.0,0.0,0.0055401662049861505,0.005067622616913802,0.0,0.0,0.537167997392863,0.0,0.0,0.0,0.0
1,0.0,0.0,0.026716206652512387,0.0,0.0,0.0,0.0,0.0,0.0,0.0,0.0,0.08014861995753715,0.0,0.0,0.0,0.22009907997169145,0.033085633404104746,0.0,0.05661712668082095,0.0,0.0,0.0,0.0,0.0,0.0,0.0,0.0,0.1367657466383581,0.0,0.0,0.0,0.0,0.0,0.0,0.0,0.0,0.0,0.0,0.0,0.0,0.0,0.006369426751592357,0.0,0.0,0.0,0.0,0.053432413305024774,0.0,0.0,0.0,0.0,0.0,0.0,0.05980184005661713,0.0,0.0,0.0,0.0,0.0,0.0,0.029900920028308565,0.0,0.0,0.08014861995753715,0.0,0.0,0.0,0.13358103326256193,0.0,0.0,0.026716206652512387,0.0,0.0
2,0.0,0.0020040080160320635,0.0,0.0,0.0,0.0,0.0,0.0,0.0,0.027200742949313256,0.0,0.0,0.0,0.0,0.0,0.1288674910797204,0.04868273131629111,0.0,0.0355100444792023,0.0,0.0,0.0,0.0,0.0,0.038369421770370005,0.011168678821056745,0.0,0.02233735764211349,0.0,0.0,0.0,0.0,0.0,0.0,0.0,0.0,0.0,0.0,0.0,0.0,0.0,0.0,0.0,0.0,0.0,0.0,0.06701207292634047,0.0,0.0,0.0,0.06070677941248349,0.0,0.0,0.006012024048096191,0.0,0.0,0.0,0.0,0.0,0.0,0.021188718901217065,0.0,0.0,0.24571093406324843,0.0,0.0,0.0,0.24571093406324843,0.0,0.0,0.02233735764211349,0.0,0.0
3,0.003125,0.0,0.0,0.0,0.0,0.00625,0.1864681603773585,0.0,0.008107311320754717,0.0,0.01748231132075472,0.0,0.0,0.0,0.0,0.0,0.0,0.0,0.0,0.0,0.015625,0.06612617924528302,0.0,0.0,0.0,0.0,0.0,0.0,0.011232311320754716,0.003125,0.0,0.0,0.011232311320754716,0.0,0.0,0.0,0.0,0.0,0.12160966981132075,0.0,0.0,0.0,0.003125,0.015625,0.04864386792452831,0.016214622641509434,0.04864386792452831,0.0,0.0,0.003125,0.0,0.003125,0.0,0.0,0.12971698113207547,0.0,0.05675117924528302,0.0,0.021875,0.0,0.0,0.01875,0.0,0.0,0.015625,0.03242924528301887,0.0,0.0,0.05675117924528302,0.008107311320754717,0.024321933962264154,0.03242924528301887,0.0
4,0.0,0.0,0.0,0.0,0.0,0.0,0.021956732321601547,0.0,0.0,0.0,0.0,0.0,0.0,0.003067484662576687,0.0,0.0,0.003067484662576687,0.08782692928640619,0.0,0.02809170164675492,0.003067484662576687,0.0,0.006134969325153374,0.0,0.0,0.22424927349047466,0.02809170164675492,0.0,0.0,0.0,0.006134969325153374,0.021956732321601547,0.0,0.006134969325153374,0.0,0.0,0.05263157894736841,0.09396189861155957,0.06587019696480464,0.0,0.0,0.02809170164675492,0.0,0.0,0.0,0.0,0.1317403939296093,0.0,0.0,0.0,0.0,0.0,0.0,0.0,0.0,0.021956732321601547,0.0,0.0,0.0,0.0,0.0,0.0,0.0,0.0,0.0,0.0,0.043913464643203094,0.043913464643203094,0.0,0.0,0.043913464643203094,0.0,0.0
5,0.0,0.0,0.0,0.015193107853800868,0.0,0.0,0.0,0.0,0.0,0.0,0.0,0.0,0.31145871100291783,0.0,0.0,0.0,0.0,0.0,0.007596553926900434,0.0,0.007596553926900434,0.0,0.0,0.0,0.0,0.0,0.0,0.0,0.06077243141520347,0.0,0.0,0.0,0.0,0.0,0.0,0.0,0.0,0.0,0.04557932356140261,0.0,0.0,0.0,0.0,0.0,0.0,0.0,0.05317587748830304,0.0,0.0,0.007596553926900434,0.0,0.0,0.05226083803801731,0.0,0.06836898534210391,0.0,0.2582828335146148,0.015193107853800868,0.0,0.031698347749520905,0.0,0.0,0.0,0.0,0.0,0.0,0.0,0.0,0.0,0.0,0.0,0.030386215707601735,0.0
6,0.03522504892367906,0.0,0.0,0.04500978473581213,0.0019569471624266144,0.0,0.0,0.0,0.05675146771037182,0.0,0.04892367906066536,0.0,0.0,0.0,0.0,0.0,0.0,0.0,0.0,0.0,0.06457925636007827,0.046966731898238745,0.0,0.05870841487279843,0.0,0.0,0.0,0.0,0.0,0.05283757338551859,0.0,0.0,0.07827788649706457,0.0,0.0,0.023483365949119372,0.0,0.0,0.0,0.0,0.0,0.0,0.05283757338551859,0.021526418786692758,0.07827788649706457,0.05870841487279843,0.0,0.0,0.0,0.029354207436399216,0.0,0.023483365949119372,0.0,0.0,0.0,0.0,0.0,0.0,0.033268101761252444,0.007827788649706457,0.0,0.07045009784735812,0.03522504892367906,0.0,0.033268101761252444,0.0,0.0,0.0,0.0,0.0,0.0,0.0,0.0
7,0.0,0.0,0.0,0.0,0.0,0.0,0.0,0.0,0.0,0.0,0.003937007874015748,0.0,0.0,0.0,0.0,0.0,0.0,0.0,0.0,0.0,0.003937007874015748,0.0,0.0,0.0,0.0,0.0,0.0,0.0,0.003937007874015748,0.0,0.0,0.0,0.0,0.0,0.0,0.0,0.0,0.0,0.0,0.0,0.0,0.0,0.0,0.03543307086614173,0.4330708661417323,0.09448818897637795,0.0,0.0,0.0,0.3110236220472441,0.0,0.047244094488188976,0.003937007874015748,0.0,0.0,0.0,0.0,0.007874015748031496,0.011811023622047244,0.011811023622047244,0.0,0.0,0.0,0.0,0.015748031496062992,0.0,0.0,0.0,0.0,0.0,0.0,0.0,0.0
8,0.010559381418388306,0.0,0.0,0.0022471910112359553,0.0,0.0,0.29566267971487253,0.0,0.0,0.0,0.0,0.0,0.0,0.0,0.0,0.0,0.0,0.0,0.0,0.0,0.0,0.0,0.0,0.17119729370544887,0.0,0.0,0.0,0.0,0.0,0.0022471910112359553,0.0,0.0,0.0,0.0,0.0,0.0595384801256494,0.0,0.0,0.021118762836776613,0.0,0.0,0.0,0.0,0.0022471910112359553,0.0,0.0,0.29566267971487253,0.0,0.0,0.0,0.0,0.0,0.0,0.0,0.042237525673553225,0.0,0.0,0.010559381418388306,0.0,0.0,0.0,0.0,0.0022471910112359553,0.0,0.0,0.0,0.0,0.0,0.031678144255164915,0.0,0.0,0.0,0.0
9,0.0,0.0,0.08194115907746895,0.0,0.0,0.0,0.0,0.0,0.0,0.0,0.0,0.0,0.0,0.0,0.0,0.0,0.01312093435836783,0.0,0.0,0.0,0.0,0.0,0.01312093435836783,0.0,0.15745121230041395,0.0,0.0,0.009868421052631578,0.0,0.0,0.0,0.0,0.0,0.0,0.0,0.0,0.009831460674157303,0.019662921348314606,0.0,0.0,0.0,0.0,0.0,0.0,0.0,0.0,0.06882022471910113,0.0,0.003289473684210526,0.0,0.03611028976936723,0.0,0.0,0.11801448846836192,0.009831460674157303,0.0,0.0,0.0,0.0,0.0,0.08848314606741572,0.0,0.0,0.14747191011235952,0.0,0.0,0.009831460674157303,0.12780898876404495,0.0,0.009831460674157303,0.019662921348314606,0.0,0.0
10,0.011652240879945085,0.0,0.0,0.020173779109675043,0.0,0.0,0.14565301099931358,0.0058261204399725425,0.0,0.0,0.0,0.0,0.0,0.0,0.0,0.0,0.0,0.0058261204399725425,0.0,0.0,0.0215633423180593,0.0026954177897574125,0.0,0.005390835579514825,0.0,0.0,0.0,0.0,0.0,0.0,0.0,0.0,0.011652240879945085,0.0,0.0,0.005390835579514825,0.0,0.0,0.11069628835947833,0.0,0.0,0.0,0.005390835579514825,0.0026954177897574125,0.005390835579514825,0.011652240879945085,0.05826120439972543,0.0,0.0,0.0,0.0,0.0,0.0,0.0,0.39617618991813297,0.0,0.0058261204399725425,0.0,0.0058261204399725425,0.0,0.0,0.025999899549647584,0.0026954177897574125,0.0,0.011216956019487367,0.017478361319917632,0.0,0.0,0.034956722639835264,0.0,0.02330448175989017,0.0058261204399725425,0.0
11,0.0,0.010452961672473868,0.0,0.0,0.0,0.0,0.0,0.0,0.0,0.0,0.0,0.0,0.0,0.006968641114982578,0.024390243902439025,0.0,0.0,0.0,0.0,0.035418597960553654,0.0,0.0,0.07026180353546654,0.0,0.0,0.042770833999296744,0.028066361921810567,0.0,0.0,0.0,0.0,0.0,0.0,0.050123070038039834,0.0,0.0,0.3686666879774958,0.028641754307451334,0.0,0.0,0.0,0.04567976217114727,0.0,0.0,0.0,0.0,0.085925262922354,0.014129079691845412,0.07761403957420965,0.0,0.0,0.0,0.0,0.0,0.014320877153725667,0.0,0.007160438576862833,0.0,0.0,0.0,0.0,0.0,0.0,0.0,0.0,0.0,0.0214813157305885,0.0,0.0,0.042962631461177,0.0214813157305885,0.0,0.0
12,0.0,0.0,0.0,0.0,0.0,0.20398009950248755,0.0,0.0,0.0,0.0,0.0,0.0,0.0,0.0,0.0,0.0,0.0,0.0,0.0,0.0,0.004975124378109453,0.0,0.0,0.0,0.0,0.0,0.0,0.0,0.12935323383084577,0.0,0.0,0.0,0.0,0.0,0.0,0.0,0.0,0.0,0.0,0.004975124378109453,0.0,0.0,0.0,0.0,0.009950248756218905,0.0,0.0,0.0,0.0,0.014925373134328358,0.0,0.009950248756218905,0.10945273631840796,0.0,0.0,0.0,0.0,0.3482587064676617,0.0,0.16417910447761194,0.0,0.0,0.0,0.0,0.0,0.0,0.0,0.0,0.0,0.0,0.0,0.0,0.0
13,0.0,0.0,0.0,0.0,0.007046134467013068,0.0,0.0,0.0,0.0,0.0,0.0,0.021138403401039205,0.0,0.0,0.07801920957329553,0.0,0.0,0.007046134467013068,0.0,0.025704613446701306,0.0,0.0,0.014092268934026136,0.0,0.0,0.023224689025350336,0.060541646984726805,0.0,0.0,0.0,0.011612344512675168,0.0,0.0,0.03523067233506534,0.007046134467013068,0.0,0.021138403401039205,0.021138403401039205,0.0,0.0,0.0,0.0045662100456621,0.0,0.0,0.0,0.0,0.021138403401039205,0.034443394740985664,0.07254763029444182,0.0,0.007046134467013068,0.0,0.0,0.0,0.0,0.0,0.0,0.0,0.0,0.0,0.0,0.0,0.0,0.021138403401039205,0.0,0.0,0.08455361360415682,0.0,0.0,0.36639899228467954,0.014092268934026136,0.0,0.0
14,0.0,0.0,0.0,0.0,0.0,0.0,0.0,0.0,0.0,0.0,0.0,0.031162136832239933,0.0,0.06931728065748687,0.0,0.0,0.0,0.0,0.0,0.03274817965539616,0.0,0.0,0.016851704996034902,0.0,0.0,0.006993006993006996,0.030837718982048894,0.0,0.0,0.0,0.0,0.0,0.0,0.04801384182827483,0.0,0.0,0.0044517338331771334,0.048969072164948474,0.0,0.0,0.0,0.008903467666354267,0.0,0.0,0.0,0.0,0.03561387066541707,0.10204743709898353,0.017806935332708534,0.0,0.006993006993006996,0.0,0.0,0.0,0.0044517338331771334,0.0,0.0,0.0,0.0,0.0,0.0,0.0,0.0,0.022258669165885668,0.0,0.0,0.07567947516401127,0.0,0.0,0.3917525773195878,0.017806935332708534,0.0044517338331771334,0.0
15,0.0,0.033063938618925835,0.047242966751918164,0.0,0.0,0.0,0.0,0.0,0.0,0.0,0.0,0.0,0.0,0.0,0.0,0.0,0.05430179028132993,0.0,0.07101790281329924,0.0,0.0,0.0,0.0,0.0,0.04030690537084399,0.0,0.0,0.06377493606138109,0.0,0.0,0.0,0.007120204603580563,0.0,0.0,0.007120204603580563,0.0,0.0,0.0,0.0,0.0,0.0,0.0,0.0,0.0023529411764705885,0.0,0.0,0.04272122762148338,0.0023529411764705885,0.0,0.0,0.007058823529411766,0.0,0.0,0.016531969309462918,0.0,0.0,0.0,0.0,0.0,0.0,0.026005115089514072,0.0,0.0,0.20648593350383634,0.0,0.0,0.0,0.31328900255754477,0.007120204603580563,0.007120204603580563,0.0,0.0,0.0
16,0.0,0.023791893371108465,0.03238788190979042,0.0,0.01046328192910724,0.0,0.0,0.0,0.0,0.013328611442001224,0.0,0.0,0.0,0.0,0.0,0.15508193554618332,0.0,0.0,0.05804706867132417,0.0,0.0,0.0,0.0,0.0,0.0057306590257879654,0.0,0.01046328192910724,0.07324297350375068,0.0,0.0,0.0,0.0,0.0,0.0,0.0,0.0,0.01046328192910724,0.0,0.01046328192910724,0.0,0.0,0.0,0.0,0.0,0.0,0.0,0.01046328192910724,0.0,0.0,0.0,0.02952255239689643,0.0,0.0,0.02665722288400245,0.0,0.0,0.0,0.0,0.0,0.0,0.03238788190979042,0.0,0.0,0.1569492289366086,0.0,0.0,0.0,0.2825086120858955,0.0,0.0,0.0,0.0,0.0
17,0.0,0.0,0.0,0.0,0.013559322033898308,0.0,0.0,0.0,0.0,0.0,0.003389830508474577,0.0,0.0,0.003389830508474577,0.0,0.0,0.0,0.0,0.0,0.014293785310734466,0.0,0.0,0.014293785310734466,0.0,0.0,0.08163841807909605,0.0,0.0,0.006779661016949154,0.0,0.07412429378531075,0.07338983050847459,0.0,0.0,0.07073446327683618,0.0,0.0,0.1557627118644068,0.0,0.0,0.05717514124293786,0.013559322033898308,0.0,0.0,0.0,0.0,0.014293785310734466,0.0,0.0,0.0,0.0,0.0,0.0,0.0,0.05717514124293786,0.05717514124293786,0.014293785310734466,0.0,0.0,0.0,0.003389830508474577,0.0,0.0,0.0,0.0,0.0,0.0,0.02858757062146893,0.014293785310734466,0.014293785310734466,0.1715254237288136,0.0,0.0
18,0.0,0.02194890453215217,0.023807640591631728,0.0,0.0,0.0018587360594795536,0.0,0.0,0.0,0.0,0.0,0.0,0.0,0.0,0.0,0.17709404413509447,0.0457565451237839,0.0,0.0,0.0,0.0,0.0,0.0,0.0,0.007434944237918214,0.018231432413193065,0.0,0.1878114371589021,0.0,0.0,0.0,0.0,0.0,0.0018587360594795536,0.0,0.0,0.0,0.0,0.0,0.0,0.0,0.0,0.0,0.0,0.0,0.0,0.1093885944791584,0.0,0.0,0.0,0.0,0.0,0.0,0.0,0.018231432413193065,0.0,0.0,0.0,0.0,0.0,0.003717472118959107,0.0,0.0,0.0546942972395792,0.0,0.0,0.0,0.30993435102428213,0.0,0.0,0.0,0.0,0.0
19,0.006993470551191543,0.0,0.0,0.0,0.01773225945444301,0.0,0.0,0.0,0.0,0.0,0.0,0.03920983726094595,0.0,0.01822942560737132,0.03970700341387426,0.0,0.0,0.003745318352059926,0.0,0.0,0.0,0.0,0.047694806270922416,0.0,0.0,0.04295515561300588,0.12936263299194592,0.0,0.0,0.0,0.0,0.006993470551191543,0.0,0.014981273408239704,0.0,0.0,0.0,0.04196082330714926,0.0,0.013986941102383086,0.0,0.02896821451062279,0.0,0.0,0.013986941102383086,0.0,0.05594776440953234,0.011235955056179778,0.011235955056179778,0.0,0.0,0.0,0.0,0.0,0.0,0.006993470551191543,0.0,0.0,0.0,0.0,0.0,0.0,0.0,0.0,0.0,0.0,0.24477146929170399,0.0,0.0,0.16784329322859703,0.02098041165357463,0.0,0.0
20,0.0,0.0,0.0,0.008848216720705432,0.0017696433441410859,0.0032786885245901626,0.05839823035665584,0.0017696433441410859,0.0,0.0,0.014157146753128687,0.0,0.0017696433441410859,0.0,0.0,0.0,0.0,0.0,0.0,0.0,0.0,0.006557377049180325,0.0,0.0,0.0,0.0,0.0,0.0,0.0017696433441410859,0.0,0.0,0.0,0.0,0.0,0.0,0.0032786885245901626,0.0,0.0,0.43710190600284826,0.0,0.0,0.0,0.0,0.0032786885245901626,0.01311475409836065,0.0,0.028314293506257374,0.0,0.0,0.0,0.0,0.0035392866882821717,0.0,0.0,0.29376079512742026,0.0,0.03539286688282173,0.008587618557013421,0.0032786885245901626,0.0017696433441410859,0.0,0.0,0.0,0.0017696433441410859,0.0032786885245901626,0.0,0.0,0.0,0.010617860064846517,0.0035392866882821717,0.0035392866882821717,0.028314293506257374,0.0
21,0.006493506493506494,0.0,0.0,0.06254774637127579,0.0,0.0,0.3185637891520245,0.0,0.0,0.0,0.013273491214667685,0.0,0.0,0.0,0.0,0.0,0.0,0.0,0.0,0.0,0.02654698242933537,0.0,0.0,0.0,0.0,0.0,0.0,0.0,0.0,0.0,0.0,0.013273491214667685,0.03982047364400306,0.0,0.0,0.0,0.0,0.0,0.07964094728800612,0.0,0.0,0.02654698242933537,0.019766997708174177,0.013273491214667685,0.0,0.006493506493506494,0.013273491214667685,0.0,0.0,0.0,0.0,0.0,0.0,0.0,0.02654698242933537,0.013273491214667685,0.013273491214667685,0.0,0.01948051948051948,0.0,0.0,0.0430672268907563,0.0,0.0,0.06254774637127579,0.0,0.0,0.0,0.11946142093200918,0.0,0.013273491214667685,0.0,0.0
22,0.0,0.0,0.0,0.0,0.009104663817588192,0.0,0.0,0.0,0.0,0.00723329705624718,0.0,0.0717755421654766,0.0,0.005361930294906166,0.012595227351153346,0.0,0.0,0.002680965147453083,0.0,0.04633291747405303,0.0,0.0,0.0,0.004552331908794096,0.0,0.033485520133782816,0.01633796087383537,0.0,0.0,0.0,0.004552331908794096,0.0,0.0,0.004552331908794096,0.005361930294906166,0.0,0.002680965147453083,0.061861279961776344,0.0,0.0,0.0,0.024380856316194622,0.0,0.0,0.0,0.0,0.018209327635176385,0.00804289544235925,0.00723329705624718,0.0,0.0,0.0,0.0,0.0,0.004552331908794096,0.0,0.0,0.0,0.0,0.0,0.002680965147453083,0.0,0.0,0.004552331908794096,0.0,0.0,0.5553844928728797,0.0,0.0,0.03641865527035277,0.03641865527035277,0.0,0.0
23,0.0,0.0,0.0,0.0,0.0,0.0,0.16539626187741469,0.0,0.05797222512268979,0.0,0.011026417458494312,0.0,0.0,0.0,0.0,0.0,0.0,0.0,0.0,0.0,0.0,0.0,0.0032786885245901644,0.0,0.0,0.0,0.0,0.0,0.0,0.016393442622950824,0.0,0.016393442622950824,0.006557377049180329,0.0,0.0,0.013114754098360657,0.0,0.0,0.011026417458494312,0.0,0.0,0.0,0.0,0.0,0.0,0.0,0.6119661689464342,0.0,0.0,0.0,0.0,0.0,0.0,0.0,0.02756604364623578,0.0,0.0,0.0,0.0,0.0,0.0,0.0,0.0032786885245901644,0.0,0.0,0.011026417458494312,0.0,0.0,0.005513208729247156,0.0,0.005513208729247156,0.005513208729247156,0.0
24,0.0,0.0,0.07019411618581213,0.0,0.0,0.0,0.0,0.0,0.0,0.13754923879484723,0.0,0.0,0.0,0.0,0.0,0.03367756130451755,0.01575641435111253,0.0,0.03151282870222506,0.0,0.0,0.0,0.0,0.0,0.0,0.0,0.0035842293906810036,0.02292487313247454,0.0,0.0,0.0,0.007878207175556266,0.0,0.0,0.0,0.0,0.007878207175556266,0.01575641435111253,0.0,0.0,0.0,0.0,0.0,0.0,0.0,0.0,0.023634621526668793,0.0,0.0,0.0,0.146846942758792,0.0,0.0,0.10319741651584513,0.0,0.0,0.0,0.0,0.0,0.0,0.041555768480073814,0.0,0.0,0.15756414351112533,0.0,0.0,0.0,0.12605131480890025,0.0,0.0,0.01575641435111253,0.0,0.0
25,0.0,0.0,0.0027100271002710027,0.0,0.1773512817095384,0.0,0.0,0.0,0.0,0.0,0.0,0.027322404371584702,0.0,0.01919232307077169,0.013772268870229686,0.0,0.0,0.034208538806699544,0.0027100271002710027,0.03838464614154338,0.0,0.0,0.041094673241814386,0.0,0.0,0.0,0.03691856590697054,0.0,0.0,0.0,0.006886134435114843,0.0,0.0,0.01919232307077169,0.0,0.0,0.005420054200542005,0.13083655426718202,0.0,0.006886134435114843,0.0,0.05882091607801324,0.0,0.0,0.0,0.01084010840108401,0.08951974765649295,0.0027100271002710027,0.04798080767692923,0.0,0.0,0.0,0.0,0.0,0.013772268870229686,0.0,0.0,0.0,0.0,0.0,0.0,0.0,0.0,0.02065840330534453,0.0,0.0,0.0964058820916078,0.03443067217557421,0.0,0.027544537740459372,0.013772268870229686,0.0,0.0
26,0.0,0.0,0.0,0.0,0.020672061928219566,0.0,0.0,0.0,0.0,0.0,0.0,0.053395496129486276,0.0,0.058585503166783966,0.05383532723434202,0.0,0.004310344827586208,0.0,0.0,0.16194581280788178,0.0,0.0,0.021111893033075303,0.0,0.008180858550316679,0.062016185784658694,0.0,0.0,0.0,0.0,0.020672061928219566,0.0,0.0,0.03360309641097819,0.0,0.0,0.016361717100633357,0.032723434201266714,0.0,0.0,0.0,0.012491203377902887,0.0,0.0,0.0,0.0,0.008180858550316679,0.01724137931034483,0.024982406755805774,0.0,0.004310344827586208,0.0,0.0,0.0,0.024542575650950037,0.0,0.0,0.0,0.0,0.0,0.0,0.0,0.0,0.0,0.0,0.0,0.13907459535538352,0.0,0.0,0.1963406052076003,0.008180858550316679,0.0,0.0
27,0.0,0.015646671289875173,0.004464285714285714,0.0,0.0,0.0,0.0,0.0,0.0,0.013457871012482664,0.0,0.0,0.0,0.0,0.0,0.07621792649098473,0.015625,0.0,0.24443047850208047,0.0,0.0,0.0,0.0,0.0,0.013436199722607489,0.0,0.0,0.0,0.0,0.0,0.004485957004160887,0.0,0.0,0.0,0.0,0.0,0.0,0.01794382801664355,0.0,0.0,0.0,0.0,0.0,0.0,0.0,0.0,0.02242978502080444,0.0,0.0,0.0,0.006696428571428571,0.0,0.0,0.0,0.004485957004160887,0.0,0.0,0.0,0.0,0.0,0.015668342579750347,0.0,0.0,0.0358876560332871,0.0,0.0,0.0,0.4710254854368932,0.0,0.0,0.0,0.0,0.0
28,0.0,0.0,0.0,0.014245014245014244,0.0,0.032388663967611336,0.0,0.010196431249062827,0.0,0.0,0.0,0.0,0.2651072124756335,0.0,0.0,0.0,0.0,0.020392862498125653,0.0,0.0,0.004048582995951417,0.0,0.0,0.0,0.0,0.0,0.0,0.0,0.0,0.0,0.0,0.0,0.0,0.0,0.0,0.0,0.0,0.0,0.09176788124156544,0.0,0.0,0.0,0.0,0.0,0.024291497975708502,0.03658719448193132,0.030589293747188485,0.0,0.0,0.016194331983805668,0.0,0.0,0.06492727545359124,0.0,0.0713750187434398,0.0,0.15294646873594242,0.020392862498125653,0.008097165991902834,0.016194331983805668,0.0,0.0,0.0,0.0,0.008097165991902834,0.010196431249062827,0.0,0.0,0.0,0.0,0.040785724996251306,0.010196431249062827,0.0
29,0.023110066588327458,0.0,0.0,0.010053531792662227,0.0,0.0,0.27144535840188017,0.0,0.010053531792662227,0.0,0.0,0.0,0.0,0.0,0.0,0.0,0.0,0.0,0.0,0.0,0.0,0.0,0.0,0.05026765896331114,0.0,0.0,0.0,0.0,0.0,0.0,0.0,0.010053531792662227,0.0,0.0,0.0,0.1355268311790051,0.0,0.0,0.03016059537798668,0.0,0.0,0.0,0.0,0.0,0.0,0.0,0.0703747225486356,0.0,0.0,0.0,0.0,0.0,0.0,0.0,0.13069591330460895,0.020107063585324454,0.0,0.0,0.003003003003003003,0.0,0.0,0.0,0.1215563389476433,0.0,0.0,0.0,0.0,0.0,0.03016059537798668,0.0,0.0,0.010053531792662227,0.0
30,0.010876900480330276,0.0,0.0,0.0,0.02175380096066055,0.0,0.0,0.0,0.0,0.0,0.0,0.0,0.0,0.014092334563931563,0.0,0.0,0.0,0.06724623873605652,0.0,0.0,0.0,0.0,0.003215434083601286,0.0,0.0,0.003215434083601286,0.017307768647532848,0.003215434083601286,0.0,0.0,0.0,0.0435076019213211,0.0,0.003215434083601286,0.08455400738358937,0.0,0.0,0.3020920169901949,0.0,0.028184669127863125,0.032630701440990825,0.028184669127863125,0.0,0.0,0.0,0.0,0.02175380096066055,0.012861736334405145,0.003215434083601286,0.0,0.003215434083601286,0.0,0.0,0.003215434083601286,0.0,0.010876900480330276,0.0,0.0,0.0,0.0,0.0,0.0,0.0,0.0,0.0,0.0,0.010876900480330276,0.0,0.0,0.0,0.1849073081656147,0.0,0.0
31,0.0,0.0,0.0,0.0,0.0035971223021582736,0.0,0.0,0.0,0.0,0.0,0.0,0.0,0.0,0.0,0.0,0.0035971223021582736,0.0,0.05474056508982758,0.0,0.0035971223021582736,0.0,0.0035971223021582736,0.0,0.024416221212973755,0.0035971223021582736,0.0,0.0,0.0,0.0,0.0035971223021582736,0.014388489208633094,0.0,0.0,0.007194244604316547,0.02775209999598087,0.0,0.0,0.024416221212973755,0.014649732727784252,0.013363610787347775,0.018246855029942527,0.0035971223021582736,0.0,0.0,0.0,0.019532976970379003,0.1513805715204373,0.0035971223021582736,0.007194244604316547,0.0,0.0,0.0,0.0,0.0,0.04394919818335276,0.08635103090711789,0.014649732727784252,0.0,0.0,0.0,0.0,0.0,0.0,0.0,0.0,0.0,0.0,0.0,0.004883244242594751,0.0,0.3955427836501748,0.0,0.0
32,0.16152206520881032,0.0,0.0,0.006473513854898557,0.0,0.0,0.17525854582774145,0.0,0.0,0.0,0.004184100418410043,0.0,0.0,0.0,0.0,0.0,0.0,0.0,0.0,0.0,0.0,0.006276150627615064,0.0,0.00876292729138707,0.0,0.0,0.0,0.0,0.0,0.0,0.0,0.0,0.0,0.0,0.0,0.0,0.0,0.0,0.03067024551985475,0.0,0.0,0.0,0.04093313333859636,0.0020920502092050216,0.004184100418410043,0.0,0.01752585458277414,0.0,0.0,0.0,0.0,0.0,0.0,0.0,0.01752585458277414,0.0,0.0,0.0,0.01922317833741218,0.0,0.0,0.008368200836820086,0.0,0.0,0.01732849135549065,0.03067024551985475,0.0,0.0,0.245361964158838,0.0,0.0,0.004381463645693535,0.0
33,0.0,0.0,0.0,0.0,0.017047231779793552,0.0,0.0,0.0,0.0,0.0,0.0,0.02517985611510791,0.0,0.017985611510791363,0.044494838911479505,0.0,0.0,0.0,0.008523615889896776,0.034094463559587104,0.0,0.0,0.0035971223021582727,0.0,0.0,0.024241476384110096,0.04128870816390365,0.0,0.0,0.0,0.008523615889896776,0.017047231779793552,0.0,0.0,0.0,0.0,0.03503284329058492,0.042618079449483884,0.008523615889896776,0.0,0.0,0.012120738192055048,0.0,0.0,0.0,0.0,0.042618079449483884,0.022912105098529867,0.31060369096027524,0.0,0.0,0.0,0.007194244604316545,0.0,0.0,0.0,0.0,0.0,0.0,0.0,0.0,0.0,0.0,0.0,0.0,0.0,0.042618079449483884,0.0,0.0,0.21309039724741938,0.017047231779793552,0.0,0.0
34,0.0,0.0,0.0,0.0,0.0,0.0,0.0,0.0,0.0,0.0,0.0,0.0,0.0,0.004608294930875575,0.0,0.004608294930875575,0.0,0.06514740231046019,0.0,0.0,0.0,0.0,0.023357111293478942,0.0,0.0,0.0,0.0,0.0,0.0,0.0,0.0977211034656903,0.0676093680954485,0.0,0.0,0.0,0.0,0.0,0.1281484754750331,0.011678555646739471,0.03932832523199292,0.023357111293478942,0.011678555646739471,0.0,0.0,0.0,0.0,0.03503566694021842,0.0,0.0,0.0,0.0,0.0,0.011678555646739471,0.0,0.05839277823369735,0.09311280853481471,0.0,0.0,0.0,0.0,0.0,0.0,0.011678555646739471,0.0,0.0,0.0,0.0,0.0,0.0,0.011678555646739471,0.2569282242282684,0.0,0.0
35,0.0,0.0,0.0,0.0,0.0,0.0,0.13083680073971335,0.0,0.04889042995839112,0.0,0.021806133456618894,0.0,0.0,0.0,0.0,0.0,0.0,0.0,0.0,0.0,0.010903066728309447,0.0,0.0,0.04361226691323779,0.0,0.0,0.0,0.0,0.0,0.19267221451687472,0.0,0.0,0.0,0.0,0.0,0.0,0.0,0.0,0.03270920018492834,0.0,0.0,0.006472491909385114,0.021806133456618894,0.0,0.0,0.0,0.03270920018492834,0.0,0.0,0.0,0.0,0.0,0.0,0.0,0.04361226691323779,0.0,0.0,0.0,0.003236245954692557,0.0,0.0,0.003236245954692557,0.3715518569887502,0.0,0.0,0.0,0.0,0.0,0.021806133456618894,0.0,0.0,0.0,0.0
36,0.0,0.0,0.0,0.0,0.13157512351060735,0.0,0.0,0.0,0.0,0.002252252252252252,0.0,0.12779715199070035,0.0,0.006756756756756756,0.002252252252252252,0.0,0.002252252252252252,0.0,0.0,0.0,0.0,0.0,0.012932287125835511,0.0,0.002252252252252252,0.025864574251671022,0.004504504504504504,0.0,0.0,0.0,0.0,0.0,0.0,0.06916594013368206,0.0,0.0,0.0,0.12089508863702411,0.0,0.0,0.012932287125835511,0.002252252252252252,0.0,0.0,0.0,0.0,0.14225515838419062,0.002252252252252252,0.07708514966579481,0.0,0.0,0.0,0.0,0.0,0.0,0.0,0.0,0.0,0.0,0.0,0.0,0.012932287125835511,0.0,0.0,0.0,0.0,0.10345829700668409,0.0,0.0,0.025864574251671022,0.09052600988084858,0.0,0.0
37,0.0,0.0,0.0,0.0,0.03223270440251572,0.0,0.0,0.0,0.0,0.004716981132075472,0.0,0.009433962264150945,0.0,0.007075471698113209,0.0259433962264151,0.0,0.0,0.11242138364779874,0.0,0.014150943396226417,0.0,0.0,0.04205974842767296,0.0,0.004716981132075472,0.044811320754716985,0.009433962264150945,0.009433962264150945,0.0,0.0,0.1297169811320755,0.01179245283018868,0.0,0.01179245283018868,0.07822327044025158,0.0,0.0440251572327044,0.0,0.0,0.044418238993710696,0.028301886792452834,0.11871069182389937,0.0,0.0,0.0,0.0,0.05699685534591195,0.004716981132075472,0.01179245283018868,0.0,0.007075471698113209,0.0,0.0,0.007075471698113209,0.0,0.06250000000000001,0.0,0.0,0.0,0.0,0.004716981132075472,0.0,0.0,0.011399371069182391,0.0,0.0,0.022798742138364782,0.0,0.0,0.0,0.022798742138364782,0.0,0.0
38,0.019027484143763214,0.0,0.0,0.03171247357293869,0.006342494714587738,0.012684989429175475,0.0,0.0,0.004228329809725159,0.0,0.040169133192389,0.0,0.0,0.0,0.0,0.0,0.0021141649048625794,0.0,0.0,0.0,0.5221987315010571,0.012684989429175475,0.0,0.004228329809725159,0.0,0.0,0.0,0.0,0.019027484143763214,0.006342494714587738,0.0,0.006342494714587738,0.014799154334038054,0.0021141649048625794,0.0021141649048625794,0.006342494714587738,0.0,0.0,0.0,0.006342494714587738,0.004228329809725159,0.0,0.023255813953488372,0.014799154334038054,0.016913319238900635,0.06342494714587738,0.0,0.0,0.0,0.021141649048625793,0.0021141649048625794,0.03171247357293869,0.006342494714587738,0.0,0.0,0.004228329809725159,0.0,0.010570824524312896,0.014799154334038054,0.0021141649048625794,0.0,0.023255813953488372,0.0,0.0,0.021141649048625793,0.0,0.0,0.0,0.0,0.0,0.0,0.0,0.0
39,0.0,0.0,0.0,0.0,0.0,0.0,0.0,0.0,0.0,0.0,0.0,0.0,0.017857142857142856,0.0,0.0,0.0,0.0,0.0,0.0,0.008928571428571428,0.0,0.0,0.0,0.0,0.0,0.004464285714285714,0.0,0.0,0.0,0.0,0.044642857142857144,0.026785714285714284,0.0,0.0,0.11160714285714286,0.0,0.0,0.2544642857142857,0.05357142857142857,0.0,0.07142857142857142,0.004464285714285714,0.0,0.0,0.0,0.0,0.017857142857142856,0.004464285714285714,0.0,0.0,0.0,0.0,0.0,0.0,0.05357142857142857,0.09375,0.03571428571428571,0.0,0.0,0.0,0.0,0.0,0.0,0.0,0.0,0.0,0.0,0.0,0.0,0.0,0.17857142857142858,0.0,0.0
40,0.0,0.0,0.0,0.0,0.0,0.0,0.0,0.0,0.0,0.0,0.0,0.0,0.0,0.0,0.0,0.0,0.0,0.0213903743315508,0.0,0.0,0.0,0.0,0.0,0.0,0.0,0.0,0.0,0.0,0.0,0.0,0.016042780748663103,0.02667505504875747,0.0,0.0,0.0106951871657754,0.0,0.0053475935828877,0.12758729160113244,0.02126454860018874,0.0213903743315508,0.0,0.0,0.0,0.0,0.0,0.0,0.05316137150047185,0.0,0.0,0.0,0.0,0.0,0.0,0.0,0.05316137150047185,0.0,0.01063227430009437,0.0,0.0,0.01063227430009437,0.0,0.0,0.0,0.0,0.0,0.0,0.0,0.0,0.0,0.0,0.5954073608052847,0.0,0.0
41,0.0,0.012014251387853177,0.0,0.0,0.015100671140939598,0.0,0.0,0.0,0.0,0.0,0.0,0.06023697075151214,0.0,0.006007125693926588,0.006172839506172839,0.0,0.0,0.024028502775706354,0.0,0.030201342281879196,0.0,0.006172839506172839,0.03328776203496561,0.0,0.0,0.0694962300107714,0.009093545447013008,0.0,0.0,0.0,0.018187090894026016,0.006007125693926588,0.0,0.009093545447013008,0.0030864197530864196,0.13215676526638495,0.006007125693926588,0.19856657552406992,0.0,0.006007125693926588,0.0,0.0,0.0,0.0,0.0,0.0,0.024028502775706354,0.03912917391664595,0.021107796834866185,0.0,0.0,0.0,0.0,0.0,0.012014251387853177,0.018021377081779765,0.0,0.0,0.0,0.0,0.0,0.0,0.012014251387853177,0.0,0.0,0.0,0.07208550832711906,0.006007125693926588,0.0,0.04204987985748612,0.06607838263319248,0.0,0.0
42,0.0028735632183908046,0.0,0.0,0.01090569173244703,0.0,0.0,0.2944536767760698,0.0,0.0,0.0,0.02181138346489406,0.0,0.0,0.0,0.0,0.0,0.0,0.0,0.0,0.0,0.0,0.024684946683284865,0.0,0.0,0.0,0.0,0.0,0.0,0.0,0.0,0.0,0.0,0.09358122143747404,0.0,0.0,0.005747126436781609,0.0,0.0,0.11996260905691734,0.0,0.0,0.0,0.0,0.02755850990167567,0.04362276692978812,0.0,0.02181138346489406,0.0,0.0,0.0,0.0,0.0,0.0,0.0,0.032717075197341086,0.0,0.0,0.0,0.044799889212020494,0.0,0.0,0.01090569173244703,0.013779254950837835,0.0,0.03102063426118266,0.0,0.0,0.0,0.1526796842542584,0.0,0.0,0.0,0.0
43,0.006130678077682688,0.0,0.0,0.030653390388413436,0.0,0.0,0.06743745885450957,0.05517610269914419,0.006130678077682688,0.0,0.006130678077682688,0.0,0.0,0.0,0.0,0.006130678077682688,0.0,0.0,0.0,0.0,0.006130678077682688,0.005102040816326532,0.0,0.0,0.0,0.0,0.0,0.0,0.0,0.0,0.0,0.0,0.006130678077682688,0.0,0.0,0.0,0.0,0.0,0.04291474654377881,0.0,0.0,0.0,0.02246543778801844,0.0,0.057192231731402254,0.10409809084924294,0.012261356155365376,0.0,0.0,0.015306122448979597,0.0,0.005102040816326532,0.0,0.0,0.03678406846609612,0.0,0.03678406846609612,0.0,0.05410631994733379,0.0,0.0,0.0,0.0,0.0,0.15116853192890065,0.03678406846609612,0.0,0.0,0.006130678077682688,0.0,0.0,0.17165898617511524,0.0
44,0.0,0.0,0.0,0.016036109598983852,0.0,0.0,0.09344946470694973,0.25698602794411174,0.0,0.0,0.004672473235347488,0.0,0.004672473235347488,0.0,0.0,0.0,0.0,0.0,0.0,0.003787878787878788,0.009344946470694976,0.0,0.0,0.0,0.0,0.0,0.0,0.0,0.01401741970604246,0.0,0.0,0.0,0.004672473235347488,0.0,0.0,0.0,0.0,0.0,0.01868989294138995,0.0,0.0,0.0,0.007575757575757576,0.02070858283433134,0.0,0.07752676465251317,0.042052259118127384,0.0,0.0,0.07639266920704046,0.0,0.038513881328252585,0.007575757575757576,0.0,0.01401741970604246,0.0,0.023362366176737433,0.0,0.0,0.003787878787878788,0.0,0.0,0.0,0.0,0.025381056069678824,0.004672473235347488,0.0,0.0,0.0,0.0,0.009344946470694976,0.172881509707857,0.0
45,0.0,0.0,0.0,0.037037037037037035,0.0,0.0,0.0,0.0,0.0,0.0,0.037037037037037035,0.0,0.0,0.0,0.0,0.0,0.0,0.0,0.0,0.0,0.0,0.0,0.0,0.0,0.0,0.0,0.0,0.0,0.037037037037037035,0.0,0.0,0.07407407407407407,0.0,0.0,0.0,0.0,0.0,0.0,0.0,0.0,0.0,0.0,0.0,0.037037037037037035,0.07407407407407407,0.0,0.0,0.0,0.0,0.07407407407407407,0.0,0.37037037037037035,0.0,0.0,0.0,0.0,0.0,0.0,0.18518518518518517,0.0,0.0,0.0,0.0,0.0,0.07407407407407407,0.0,0.0,0.0,0.0,0.0,0.0,0.0,0.0
46,0.013461538461538462,0.0057692307692307696,0.011538461538461539,0.011538461538461539,0.011538461538461539,0.013461538461538462,0.0,0.0,0.05384615384615385,0.013461538461538462,0.019230769230769232,0.023076923076923078,0.0,0.0057692307692307696,0.015384615384615385,0.011538461538461539,0.0019230769230769232,0.0019230769230769232,0.011538461538461539,0.015384615384615385,0.03076923076923077,0.0019230769230769232,0.007692307692307693,0.21346153846153845,0.0057692307692307696,0.025,0.0019230769230769232,0.009615384615384616,0.0057692307692307696,0.013461538461538462,0.0038461538461538464,0.05961538461538462,0.007692307692307693,0.009615384615384616,0.0057692307692307696,0.0057692307692307696,0.021153846153846155,0.009615384615384616,0.0,0.0019230769230769232,0.009615384615384616,0.007692307692307693,0.0038461538461538464,0.0038461538461538464,0.03461538461538462,0.03076923076923077,0.0,0.023076923076923078,0.011538461538461539,0.011538461538461539,0.011538461538461539,0.015384615384615385,0.007692307692307693,0.007692307692307693,0.0,0.009615384615384616,0.0,0.009615384615384616,0.026923076923076925,0.015384615384615385,0.025,0.0057692307692307696,0.0057692307692307696,0.0,0.028846153846153848,0.0,0.0,0.0,0.0,0.0,0.0,0.0,0.0
47,0.0,0.0,0.0,0.0,0.0,0.0,0.0,0.0,0.0,0.0,0.0,0.018750000000000006,0.0,0.047321428571428584,0.17142857142857146,0.007142857142857145,0.0,0.0,0.0,0.021428571428571432,0.0,0.0,0.021428571428571432,0.0,0.0,0.007142857142857145,0.02857142857142858,0.0,0.0,0.0,0.02857142857142858,0.007142857142857145,0.0,0.03303571428571429,0.0,0.0,0.007142857142857145,0.01428571428571429,0.0,0.007142857142857145,0.0,0.03392857142857143,0.0,0.0,0.0,0.0,0.08571428571428573,0.0,0.05892857142857145,0.0,0.004464285714285716,0.0,0.0,0.0,0.0,0.0,0.0,0.0,0.0,0.0,0.007142857142857145,0.0,0.0,0.0,0.0,0.0,0.07857142857142858,0.0,0.0,0.2857142857142858,0.0,0.0,0.0
48,0.0,0.0,0.0,0.0,0.0,0.0,0.0,0.0,0.0,0.007054729515975954,0.0,0.10189813350205627,0.0,0.045143941790572586,0.013793103448275857,0.0,0.0,0.0,0.0,0.021164188547927863,0.0,0.0,0.010503005378044918,0.0,0.0,0.052515026890224595,0.021006010756089835,0.0,0.0,0.0,0.007054729515975954,0.014109459031951908,0.0,0.2376463144574501,0.0,0.0,0.13027522935779812,0.035273647579879774,0.0,0.0,0.0,0.01739955710218285,0.0,0.0,0.0,0.0,0.042328377095855726,0.03824739006643466,0.0,0.0,0.0,0.0,0.0,0.0,0.0,0.0,0.0,0.0,0.0,0.0,0.007054729515975954,0.0,0.0,0.007054729515975954,0.0,0.0,0.08465675419171145,0.007054729515975954,0.0,0.08465675419171145,0.007054729515975954,0.0,0.0
49,0.0,0.0,0.0,0.0030778194345931703,0.0,0.0035971223021582736,0.046167291518897556,0.2431477353328605,0.0,0.0,0.0,0.0,0.00923345830377951,0.0,0.0,0.0,0.0,0.0,0.0,0.0,0.0,0.0,0.0,0.0,0.0,0.0,0.0,0.0,0.012311277738372681,0.0,0.0,0.0,0.0,0.0,0.0,0.0,0.0,0.0,0.030778194345931705,0.0,0.0,0.0,0.0,0.00923345830377951,0.12215016719019149,0.05547674536427196,0.01846691660755902,0.0,0.0,0.0,0.0,0.023102644644847504,0.006155638869186341,0.0,0.02154473604215219,0.0,0.1385018745566927,0.0369718309859155,0.0,0.028219677778903638,0.0,0.0,0.0,0.0,0.00923345830377951,0.0,0.0,0.0,0.0030778194345931703,0.0,0.0,0.16312443003343804,0.0
50,0.0,0.0,0.06592292089249494,0.0,0.0,0.0,0.0,0.0,0.0,0.03904665314401623,0.0,0.0,0.0,0.004310344827586208,0.012170385395537525,0.01825557809330629,0.026876267748478705,0.0,0.0,0.0,0.0,0.0,0.0,0.0,0.11333671399594321,0.0,0.006085192697768763,0.01825557809330629,0.0,0.0,0.006085192697768763,0.0,0.0,0.0,0.0,0.0,0.0,0.01825557809330629,0.006085192697768763,0.0,0.0,0.0,0.0,0.0,0.0,0.0,0.03651115618661258,0.006085192697768763,0.0,0.0,0.0,0.0,0.0,0.046906693711967554,0.0,0.0,0.006085192697768763,0.0,0.0,0.0,0.1047160243407708,0.0,0.0,0.334685598377282,0.0,0.0,0.0,0.1156186612576065,0.0,0.006085192697768763,0.0,0.0,0.0
51,0.0,0.0,0.0,0.003272235790671757,0.0,0.0,0.03926682948806108,0.03926682948806108,0.0,0.0,0.0,0.0,0.006544471581343514,0.0,0.0,0.0,0.0,0.0,0.0,0.0,0.011049723756906077,0.0,0.0,0.0,0.0,0.0,0.0,0.0,0.0,0.0,0.0,0.0,0.0,0.0,0.0,0.0,0.0,0.0,0.04908353686007635,0.0,0.0,0.0,0.0,0.003272235790671757,0.08142650510990444,0.18699167713940198,0.026177886325374055,0.0,0.0,0.03191615488582743,0.0,0.0,0.0,0.0,0.01963341474403054,0.0,0.05235577265074811,0.00981670737201527,0.016574585635359115,0.015341569250468309,0.0,0.0,0.0,0.0,0.003272235790671757,0.0,0.0,0.0,0.00981670737201527,0.0,0.00981670737201527,0.37303488013658026,0.0
52,0.0,0.0,0.0,0.0,0.0,0.05321995856353591,0.0,0.006690262430939227,0.0,0.0,0.0,0.0,0.14718577348066297,0.0,0.0,0.0,0.0,0.0,0.0,0.0,0.0,0.0,0.0,0.0,0.0,0.0,0.0,0.0,0.08464261049723756,0.0,0.0,0.0,0.0,0.013380524861878454,0.0055248618784530384,0.0,0.0,0.0,0.02007078729281768,0.0,0.0,0.0,0.0,0.0,0.026761049723756907,0.03314917127071823,0.026761049723756907,0.0,0.0,0.011049723756906077,0.0,0.0,0.0,0.0,0.013380524861878454,0.0,0.32113259668508287,0.15124309392265192,0.006690262430939227,0.006690262430939227,0.0,0.0,0.0,0.0,0.0,0.006690262430939227,0.0,0.0,0.0,0.0,0.02007078729281768,0.033451312154696135,0.0
53,0.0,0.022643619251735542,0.01621394958766249,0.0,0.0,0.0,0.0,0.0,0.0,0.0813027069841122,0.0,0.0,0.0,0.0,0.0,0.02753575921353026,0.022643619251735542,0.0,0.0,0.0,0.0,0.0,0.0,0.0,0.13176163630433768,0.0,0.0,0.0,0.0,0.0,0.005404649862554163,0.0,0.0,0.0,0.0,0.0,0.0,0.01621394958766249,0.0,0.0,0.0,0.0,0.0,0.0,0.0,0.0,0.02161859945021665,0.0,0.0,0.0,0.04682476820574943,0.0,0.0,0.0,0.0,0.0,0.0,0.0,0.0,0.0,0.11088850580068023,0.01775147928994083,0.0,0.24320924381493733,0.0,0.0,0.0,0.15673484601407076,0.0,0.027023249312770815,0.010809299725108325,0.0,0.0
54,0.028384279475982533,0.0,0.0,0.034934497816593885,0.0,0.019650655021834062,0.0,0.0,0.008733624454148471,0.002183406113537118,0.14847161572052403,0.004366812227074236,0.0,0.0,0.002183406113537118,0.0,0.0,0.008733624454148471,0.002183406113537118,0.0,0.3624454148471616,0.004366812227074236,0.002183406113537118,0.010917030567685589,0.0,0.004366812227074236,0.006550218340611353,0.002183406113537118,0.015283842794759825,0.028384279475982533,0.0,0.019650655021834062,0.008733624454148471,0.0,0.010917030567685589,0.008733624454148471,0.0,0.0,0.0,0.006550218340611353,0.010917030567685589,0.004366812227074236,0.006550218340611353,0.013100436681222707,0.013100436681222707,0.056768558951965066,0.0,0.0,0.0,0.015283842794759825,0.0,0.013100436681222707,0.004366812227074236,0.0,0.0,0.008733624454148471,0.0,0.021834061135371178,0.010917030567685589,0.017467248908296942,0.0,0.015283842794759825,0.010917030567685589,0.0,0.013100436681222707,0.0,0.0,0.0,0.0,0.0,0.0,0.0,0.0
55,0.0,0.0,0.0,0.0,0.005405405405405406,0.0,0.0,0.0,0.0,0.0,0.0,0.0,0.0,0.0,0.0,0.0,0.0,0.021621621621621623,0.0,0.005405405405405406,0.0,0.005405405405405406,0.0,0.0,0.0,0.0,0.0,0.0,0.0,0.010810810810810811,0.005405405405405406,0.17059986816084377,0.0,0.0,0.12735662491760052,0.0,0.0,0.24403427818061962,0.03796967699406724,0.04601186552406064,0.0,0.016216216216216217,0.0,0.0,0.0,0.0,0.0949241924851681,0.0,0.0,0.0,0.0,0.0,0.0,0.0,0.07593935398813448,0.0,0.0,0.0,0.0,0.0,0.0,0.0,0.0,0.0,0.0,0.0,0.0,0.0,0.0,0.0,0.1139090309822017,0.0,0.0
56,0.002127659574468085,0.0,0.0,0.014893617021276596,0.0,0.07234042553191489,0.0,0.0,0.0,0.0,0.002127659574468085,0.002127659574468085,0.0,0.0,0.0,0.0,0.0,0.002127659574468085,0.0,0.0,0.0425531914893617,0.002127659574468085,0.0,0.0,0.0,0.0,0.0,0.0,0.031914893617021274,0.0,0.0,0.006382978723404255,0.0,0.0,0.0,0.0,0.0,0.0,0.0,0.00425531914893617,0.002127659574468085,0.0,0.0,0.01276595744680851,0.02127659574468085,0.04680851063829787,0.0,0.0,0.0,0.09574468085106383,0.002127659574468085,0.03404255319148936,0.10212765957446808,0.0,0.0,0.0,0.0,0.30638297872340425,0.006382978723404255,0.1829787234042553,0.0,0.0,0.0,0.0,0.002127659574468085,0.0,0.0,0.0,0.0,0.0,0.0,0.0,0.0
57,0.0,0.0,0.0,0.0,0.0,0.05128205128205127,0.0,0.00019425019425019422,0.025641025641025637,0.0,0.0,0.0,0.006798756798756797,0.0,0.0,0.0,0.0,0.0,0.0,0.0,0.077020202020202,0.0,0.0,0.0,0.0,0.0,0.0,0.0,0.05128205128205127,0.0,0.0,0.0,0.0,0.0,0.0,0.0,0.0,0.0,0.00048562548562548557,0.0,0.0,0.0,0.0,0.0,0.0,0.0,0.00048562548562548557,0.0,0.0,0.12878787878787876,0.0,0.07692307692307691,0.41103341103341096,0.0,0.0009712509712509711,0.0,0.013986013986013983,0.0,0.0,0.1544289044289044,0.0,0.0,0.0,0.0,0.0,0.0,0.0,0.0,0.0,0.0,0.0,0.0002913752913752913,0.0
58,0.0189900426742532,0.0,0.0,0.04431009957325747,0.0,0.0,0.10761024182076814,0.0189900426742532,0.0,0.0,0.0035087719298245615,0.0,0.0,0.0,0.0,0.0,0.0,0.0,0.0,0.0,0.006330014224751067,0.0379800853485064,0.0,0.0,0.0,0.0,0.0,0.0,0.012660028449502134,0.006330014224751067,0.0,0.0,0.03866761498340446,0.0,0.0,0.006330014224751067,0.0,0.0,0.04431009957325747,0.0,0.0,0.0,0.057657657657657665,0.05483641536273116,0.0,0.07031768610715979,0.08862019914651494,0.0,0.0,0.0,0.0,0.0189900426742532,0.0035087719298245615,0.0,0.031650071123755334,0.0,0.0189900426742532,0.0,0.0,0.0,0.0,0.0,0.0,0.0,0.0688715030820294,0.0759601706970128,0.0,0.0,0.050640113798008535,0.0,0.012660028449502134,0.025320056899004267,0.0
59,0.0,0.0,0.0,0.0,0.0,0.09445621468926553,0.0007062146892655367,0.0005296610169491525,0.0,0.0,0.0,0.0,0.005826271186440678,0.0,0.0,0.0,0.0,0.0,0.0,0.0,0.03125,0.0,0.0,0.0,0.0,0.0,0.0,0.0,0.0007062146892655367,0.0,0.0,0.0,0.0,0.0,0.0,0.0,0.0,0.0,0.00017655367231638418,0.0,0.03125,0.0,0.0,0.0,0.00035310734463276836,0.25,0.0014124293785310734,0.0,0.0,0.2501765536723164,0.0,0.09392655367231638,0.03125,0.0,0.0014124293785310734,0.0,0.01518361581920904,0.1885593220338983,0.0,0.0,0.0,0.0,0.0,0.0,0.0,0.00017655367231638418,0.0,0.0,0.0,0.0,0.0,0.00211864406779661,0.0
60,0.0,0.008616780045351474,0.03038548752834467,0.0,0.0,0.0,0.0,0.0,0.0,0.02857142857142857,0.0,0.0,0.0,0.0,0.0,0.033560090702947847,0.028117913832199547,0.005442176870748299,0.010884353741496598,0.0,0.0,0.0,0.005442176870748299,0.0,0.03673469387755102,0.0,0.0,0.022675736961451247,0.0,0.0,0.0,0.0,0.0,0.0,0.0,0.0,0.0,0.010884353741496598,0.0,0.0,0.0,0.0,0.0,0.0,0.0,0.0,0.07074829931972788,0.0031746031746031746,0.0031746031746031746,0.0,0.09614512471655329,0.0,0.0,0.09659863945578231,0.0,0.0,0.0,0.0,0.0,0.0,0.0,0.0,0.0,0.4299319727891156,0.0,0.0,0.0,0.04897959183673469,0.0,0.005442176870748299,0.005442176870748299,0.0,0.0
61,0.004694835680751174,0.0,0.0,0.04460093896713615,0.0,0.0,0.2676056338028169,0.0,0.0,0.0,0.02621283255086072,0.0,0.0,0.0,0.0,0.0,0.0,0.0,0.0,0.0,0.0,0.021517996870109544,0.0,0.0,0.0,0.0,0.0,0.0,0.0,0.0,0.0,0.0,0.0297339593114241,0.0,0.0,0.007433489827856025,0.004694835680751174,0.0,0.08176838810641626,0.0,0.0,0.0,0.004694835680751174,0.0,0.0,0.0,0.022300469483568074,0.0,0.0,0.0,0.0,0.0,0.0,0.022300469483568074,0.05203442879499218,0.0,0.0,0.0,0.0,0.0,0.0,0.0,0.0,0.0,0.004694835680751174,0.01486697965571205,0.0,0.0,0.2378716744913928,0.0,0.0,0.007433489827856025,0.0
62,0.0,0.0,0.0,0.0,0.0,0.0,0.3236351748937561,0.0,0.017979731938542003,0.0,0.017979731938542003,0.0,0.0,0.0,0.0,0.0,0.0,0.0,0.0,0.0,0.0,0.0,0.0,0.017979731938542003,0.0,0.0,0.0,0.0,0.0,0.16345210853220005,0.0,0.0,0.0,0.0,0.003759398496240601,0.24615887544949325,0.0,0.0,0.0,0.0,0.0,0.007518796992481202,0.021739130434782605,0.0,0.0,0.0,0.053939195815626007,0.0,0.0,0.0,0.0,0.0,0.0,0.0,0.08989865969271,0.0,0.0,0.0,0.0,0.0,0.0,0.0,0.0,0.0,0.0,0.0,0.0,0.0,0.0,0.0,0.0,0.0,0.0
63,0.0,0.00967741935483871,0.07096774193548387,0.0,0.0,0.0,0.0,0.0,0.0,0.04838709677419355,0.0,0.0,0.0,0.00967741935483871,0.016129032258064516,0.0935483870967742,0.04838709677419355,0.0,0.00967741935483871,0.0,0.0032258064516129032,0.0,0.0032258064516129032,0.0,0.06451612903225806,0.00967741935483871,0.0,0.025806451612903226,0.0,0.0,0.0,0.0,0.0,0.0,0.0,0.0,0.0,0.0032258064516129032,0.0,0.0,0.0,0.0,0.0,0.0,0.0,0.0,0.0,0.0,0.0032258064516129032,0.0,0.1774193548387097,0.0,0.0,0.14516129032258066,0.0,0.0,0.0,0.0,0.0,0.0,0.25483870967741934,0.0,0.0,0.0,0.0,0.0,0.0,0.0,0.0,0.0,0.0,0.0,0.0
64,0.010415138624028167,0.0,0.0,0.026037846560070417,0.0,0.0,0.08852867830423941,0.020830277248056334,0.0,0.0,0.01290890421006308,0.0,0.0,0.0,0.0,0.0,0.0,0.0,0.0,0.0,0.005207569312014083,0.04393428194220332,0.0,0.0,0.0,0.0,0.0,0.0,0.010415138624028167,0.0,0.0,0.0,0.017896435382132907,0.0,0.0,0.0,0.0,0.0,0.052075693120140834,0.0,0.0,0.0,0.038946750770133494,0.08654833504474109,0.04620800938829398,0.020830277248056334,0.07811353968021124,0.0,0.0,0.007481296758104739,0.0,0.002493765586034913,0.0,0.0,0.0312454158720845,0.0,0.005207569312014083,0.0,0.053909344286342975,0.0,0.0,0.005207569312014083,0.0,0.0,0.0,0.07811353968021124,0.0,0.0,0.07290597036819717,0.0,0.026037846560070417,0.09894381692826759,0.0
65,0.016666666666666666,0.0,0.0,0.06666666666666667,0.0,0.0,0.0,0.0,0.0,0.0,0.05,0.0,0.0,0.0,0.0,0.0,0.0,0.0,0.0,0.0,0.0,0.0,0.0,0.03333333333333333,0.0,0.0,0.0,0.0,0.016666666666666666,0.0,0.0,0.0,0.11666666666666667,0.0,0.0,0.0,0.0,0.0,0.0,0.0,0.0,0.0,0.0,0.1,0.03333333333333333,0.03333333333333333,0.0,0.0,0.0,0.0,0.0,0.0,0.016666666666666666,0.0,0.0,0.0,0.0,0.0,0.2,0.016666666666666666,0.0,0.03333333333333333,0.0,0.0,0.25,0.0,0.0,0.0,0.0,0.0,0.0,0.0,0.0
66,0.0,0.0,0.0,0.0,0.007067137809187281,0.0,0.0,0.0,0.0,0.0035335689045936404,0.0,0.010600706713780921,0.0,0.042402826855123685,0.06007067137809188,0.0,0.0,0.0,0.0,0.1236749116607774,0.0,0.0,0.4310954063604241,0.0,0.0,0.049469964664310966,0.06007067137809188,0.0,0.0,0.0,0.0035335689045936404,0.0,0.0,0.017667844522968202,0.0,0.0,0.028268551236749123,0.007067137809187281,0.0,0.0,0.0,0.042402826855123685,0.0,0.0,0.0,0.0,0.0,0.03886925795053004,0.042402826855123685,0.0,0.0,0.0,0.0,0.0,0.0,0.0,0.0,0.0,0.0,0.0,0.0,0.0,0.0,0.0,0.0,0.0,0.0,0.0,0.0,0.0,0.0,0.0,0.0
67,0.0,0.015723270440251572,0.06918238993710692,0.0,0.006289308176100629,0.0,0.0,0.0,0.0,0.040880503144654086,0.0,0.0,0.0,0.0,0.0,0.13836477987421383,0.08490566037735849,0.006289308176100629,0.05345911949685535,0.0,0.0,0.0,0.0,0.0,0.050314465408805034,0.015723270440251572,0.0,0.330188679245283,0.0,0.0,0.0,0.0,0.0,0.0,0.0,0.0,0.0,0.0,0.0,0.0,0.0,0.0031446540880503146,0.0,0.0,0.0,0.0,0.0,0.0,0.0031446540880503146,0.0,0.059748427672955975,0.0,0.0,0.09119496855345911,0.0,0.0,0.0,0.0,0.0,0.0,0.02830188679245283,0.0,0.0,0.0,0.0,0.0,0.0,0.0,0.0,0.0,0.0,0.0,0.0
68,0.334384858044164,0.0,0.0,0.022082018927444796,0.0,0.0,0.0,0.0,0.00946372239747634,0.0,0.01892744479495268,0.0,0.0,0.0,0.0,0.0031545741324921135,0.0,0.0031545741324921135,0.0,0.0,0.01892744479495268,0.028391167192429023,0.0,0.0031545741324921135,0.0,0.0,0.0,0.0,0.0,0.00946372239747634,0.0,0.0031545741324921135,0.17665615141955837,0.0,0.0,0.006309148264984227,0.0,0.0,0.0,0.0,0.0,0.0,0.04416403785488959,0.0031545741324921135,0.0,0.006309148264984227,0.0,0.0,0.0,0.0031545741324921135,0.0,0.00946372239747634,0.0,0.0,0.0,0.0,0.0,0.0,0.025236593059936908,0.0,0.0,0.10094637223974763,0.0,0.0,0.04416403785488959,0.0,0.0,0.0,0.0,0.0,0.0,0.0,0.0
69,0.0,0.0,0.0,0.0,0.0,0.0,0.0,0.0,0.0,0.0,0.0,0.0,0.0,0.0,0.0,0.0,0.0,0.0,0.0,0.0,0.0,0.0,0.0,0.0,0.0,0.0,0.0,0.0,0.0,0.0,0.0,0.0,0.0,0.0,0.0,0.0,0.0,0.0,0.0,0.0,0.0,0.0,0.0,0.0,0.0,0.0,0.0,0.0,0.0,0.0,0.0,0.0,0.0,0.0,0.0,0.0,0.0,0.0,0.0,0.0,0.0,0.0,0.0,0.0,0.0,0.0,0.0,0.0,0.0,0.0,0.0,0.0,0.0
70,0.0,0.003246753246753246,0.006493506493506492,0.009740259740259738,0.006493506493506492,0.0,0.0,0.0,0.0,0.006493506493506492,0.012987012987012984,0.009740259740259738,0.0,0.006493506493506492,0.012987012987012984,0.0,0.0,0.03896103896103895,0.0,0.009740259740259738,0.006493506493506492,0.003246753246753246,0.02597402597402597,0.003246753246753246,0.006493506493506492,0.006493506493506492,0.003246753246753246,0.0,0.012987012987012984,0.0,0.055194805194805185,0.26298701298701294,0.0,0.006493506493506492,0.07142857142857141,0.0,0.022727272727272724,0.006493506493506492,0.0,0.032467532467532464,0.1818181818181818,0.035714285714285705,0.0,0.0,0.012987012987012984,0.019480519480519477,0.0,0.0,0.003246753246753246,0.0,0.0,0.009740259740259738,0.009740259740259738,0.006493506493506492,0.0,0.019480519480519477,0.0,0.0,0.006493506493506492,0.0,0.003246753246753246,0.0,0.0,0.0,0.016233766233766232,0.0,0.0,0.0,0.0,0.0,0.0,0.0,0.0
71,0.0,0.0,0.0,0.006493506493506494,0.0,0.006493506493506494,0.0,0.0,0.0,0.0,0.0016233766233766235,0.0,0.0,0.0,0.0016233766233766235,0.0,0.0,0.0,0.0,0.0,0.025974025974025976,0.0,0.0,0.0016233766233766235,0.0,0.0,0.0,0.0,0.0016233766233766235,0.0016233766233766235,0.0,0.0,0.0016233766233766235,0.0,0.0,0.0,0.0,0.0,0.0,0.0,0.0,0.0,0.0,0.045454545454545456,0.12012987012987013,0.4253246753246753,0.0,0.0,0.0,0.08603896103896104,0.0,0.18506493506493507,0.008116883116883116,0.0,0.0,0.0,0.0,0.00487012987012987,0.006493506493506494,0.01948051948051948,0.0,0.0016233766233766235,0.0,0.0,0.030844155844155844,0.0,0.0,0.0,0.0,0.0,0.0,0.0,0.0
72,0.0,0.0,0.0,0.0,0.0,0.0,0.0,0.0,0.0,0.0,0.0,0.0,0.0,0.0,0.0,0.0,0.0,0.0,0.0,0.0,0.0,0.0,0.0,0.0,0.0,0.0,0.0,0.0,0.0,0.0,0.0,0.0,0.0,0.0,0.0,0.0,0.0,0.0,0.0,0.0,0.0,0.0,0.0,0.0,0.0,0.0,0.0,0.0,0.0,0.0,0.0,0.0,0.0,0.0,0.0,0.0,0.0,0.0,0.0,0.0,0.0,0.0,0.0,0.0,0.0,0.0,0.0,0.0,0.0,0.0,0.0,0.0,0.0
