School,Year,Bilingual Education (BUDGET),General Education (BUDGET),Other Grants (BUDGET),Special Education (BUDGET),State LAP (BUDGET),Total Budget (BUDGET),Seattle Ed. Levy (BUDGET),Federal Title I (BUDGET),Bilingual Education (ENROLLMENT),Free and Reduced Lunch (ENROLLMENT),Special Education (ENROLLMENT),Total AAFTE* Enrollment (ENROLLMENT),Full Address,Latitude,Longitude,Closest School,Distance to Closest School (miles),Budget Efficiency
Adams Elementary,2021-22,57906.0,3318000.0,15000.0,686313.0,25935.0,4103154.0,,,26.0,46.0,35.0,402.0,"6110 28th Ave. NW Seattle, WA 98107 ",47.6735243,-122.3915651,Licton Springs K-8,0.3639035084506962,10206.850746268658
Adams Elementary,2022-23,61610.0,3150756.0,122000.0,509338.0,43151.0,3886855.0,,,24.0,36.0,27.0,354.0,"6110 28th Ave. NW Seattle, WA 98107 ",47.6735243,-122.3915651,Licton Springs K-8,0.3639035084506962,10979.816384180791
Adams Elementary,2023-24,31138.0,2579214.0,24541.0,532400.0,45506.0,3212799.0,,,8.0,38.0,27.0,279.0,"6110 28th Ave. NW Seattle, WA 98107 ",47.6735243,-122.3915651,Licton Springs K-8,0.3639035084506962,11515.408602150537
Alki Elementary,2021-22,28906.0,2693207.0,2541.0,204040.0,25935.0,2952088.0,,,11.0,33.0,17.0,325.0,"5000 SW Spokane St Seattle, WA 98116 ",47.5726539,-122.3968136,Genesee Hill Elementary,0.4284647335413581,9083.347692307692
Alki Elementary,2022-23,61496.0,2785925.0,0.0,216217.0,57536.0,3121174.0,,,19.0,34.0,16.0,307.0,"5000 SW Spokane St Seattle, WA 98116 ",47.5726539,-122.3968136,Genesee Hill Elementary,0.4284647335413581,10166.690553745928
Alki Elementary,2023-24,31207.0,2504977.0,0.0,143943.0,60674.0,2743342.0,,,11.0,29.0,14.0,278.0,"5000 SW Spokane St Seattle, WA 98116 ",47.5726539,-122.3968136,Genesee Hill Elementary,0.4284647335413581,9868.136690647481
Arbor Heights Elementary,2021-22,57929.0,4475319.0,10704.0,1545137.0,32419.0,6520748.0,399240.0,,27.0,94.0,76.0,535.0,"3701 SW 104th St. Seattle, WA 98146 ",47.5096538,-122.3782632,Roxhill Elementary,1.6060477050230857,12188.314018691588
Arbor Heights Elementary,2022-23,61634.0,4583956.0,59908.0,1633827.0,57536.0,6928866.0,532005.0,,25.0,91.0,74.0,510.0,"3701 SW 104th St. Seattle, WA 98146 ",47.5096538,-122.3782632,Roxhill Elementary,1.6060477050230857,13586.011764705883
Arbor Heights Elementary,2023-24,62297.0,4178412.0,77541.0,1598353.0,60674.0,6528312.0,551035.0,,17.0,75.0,71.0,470.0,"3701 SW 104th St. Seattle, WA 98146 ",47.5096538,-122.3782632,Roxhill Elementary,1.6060477050230857,13890.025531914893
Daniel Bagley Elementary,2021-22,57837.0,3022478.0,94465.0,963787.0,32418.0,4170985.0,,,23.0,41.0,42.0,353.0,"7821 Stone Ave. N Seattle, WA 98103 ",47.68634429999999,-122.3425126,Cascadia Elementary,0.6627938412909924,11815.821529745042
Daniel Bagley Elementary,2022-23,92281.0,2861175.0,67000.0,963823.0,57536.0,4041815.0,,,30.0,49.0,36.0,306.0,"7821 Stone Ave. N Seattle, WA 98103 ",47.68634429999999,-122.3425126,Cascadia Elementary,0.6627938412909924,13208.545751633987
Daniel Bagley Elementary,2023-24,62528.0,2981528.0,63065.0,1382393.0,60674.0,4550188.0,,,27.0,44.0,46.0,310.0,"7821 Stone Ave. N Seattle, WA 98103 ",47.68634429999999,-122.3425126,Cascadia Elementary,0.6627938412909924,14678.025806451613
Beacon Hill International Elementary,2021-22,289464.0,3417186.0,41000.0,230254.0,184768.0,4649148.0,404286.0,123190.0,127.0,205.0,20.0,365.0,"2025 14th Ave. S Seattle, WA 98144 ",47.5850972,-122.3153864,Thurgood Marshall Elementary,0.8345467794949647,12737.391780821918
Beacon Hill International Elementary,2022-23,339256.0,3321132.0,2541.0,243518.0,143842.0,4679022.0,488833.0,101441.0,149.0,160.0,19.0,321.0,"2025 14th Ave. S Seattle, WA 98144 ",47.5850972,-122.3153864,Thurgood Marshall Elementary,0.8345467794949647,14576.392523364486
Beacon Hill International Elementary,2023-24,375239.0,3294062.0,0.0,296791.0,151685.0,4661912.0,450433.0,91161.0,165.0,152.0,34.0,337.0,"2025 14th Ave. S Seattle, WA 98144 ",47.5850972,-122.3153864,Thurgood Marshall Elementary,0.8345467794949647,13833.566765578635
Bryant Elementary,2021-22,57837.0,3916106.0,102088.0,203990.0,25935.0,4305956.0,,,23.0,24.0,18.0,486.0,"3311 NE 60th St. Seattle, WA 98115 ",47.6711348,-122.2917845,Laurelhurst Elementary,0.8904080322847421,8859.991769547325
Bryant Elementary,2022-23,92281.0,3650630.0,108480.0,187984.0,43151.0,4082526.0,,,30.0,24.0,12.0,437.0,"3311 NE 60th St. Seattle, WA 98115 ",47.6711348,-122.2917845,Laurelhurst Elementary,0.8904080322847421,9342.1647597254
Bryant Elementary,2023-24,62528.0,4315784.0,176111.0,225003.0,45506.0,4824932.0,,,27.0,14.0,20.0,487.0,"3311 NE 60th St. Seattle, WA 98115 ",47.6711348,-122.2917845,Laurelhurst Elementary,0.8904080322847421,9907.457905544148
Cascadia Elementary,2021-22,28791.0,3785297.0,186358.0,407940.0,25935.0,4434321.0,551035.0,,6.0,23.0,36.0,495.0,"1700 N 90th St. Seattle, WA 98103 ",47.69525960000001,-122.3372646,Daniel Bagley Elementary,0.6627938412909924,8958.224242424243
Cascadia Elementary,2022-23,30831.0,3877626.0,160239.0,215847.0,43151.0,4327694.0,0.0,,13.0,20.0,16.0,474.0,"1700 N 90th St. Seattle, WA 98103 ",47.69525960000001,-122.3372646,Daniel Bagley Elementary,0.6627938412909924,9130.156118143459
Cascadia Elementary,2023-24,31046.0,3745599.0,250392.0,369466.0,45506.0,4993044.0,0.0,,4.0,20.0,35.0,455.0,"1700 N 90th St. Seattle, WA 98103 ",47.69525960000001,-122.3372646,Daniel Bagley Elementary,0.6627938412909924,10973.723076923077
Cedar Park Elementary,2021-22,57860.0,2064577.0,2541.0,78706.0,32419.0,2632802.0,399240.0,,24.0,30.0,9.0,222.0,"3737 NE 135th St. Seattle, WA 98125 ",47.7260396,-122.2872652,Olympic Hills Elementary,0.917010768681375,11859.468468468469
Cedar Park Elementary,2022-23,61634.0,2121906.0,0.0,83224.0,57536.0,2739441.0,415141.0,,25.0,38.0,8.0,210.0,"3737 NE 135th St. Seattle, WA 98125 ",47.7260396,-122.2872652,Olympic Hills Elementary,0.917010768681375,13044.957142857143
Cedar Park Elementary,2023-24,93759.0,2214207.0,0.0,71697.0,60674.0,2845926.0,403048.0,,39.0,40.0,6.0,213.0,"3737 NE 135th St. Seattle, WA 98125 ",47.7260396,-122.2872652,Olympic Hills Elementary,0.917010768681375,13361.154929577464
Coe Elementary,2021-22,86745.0,3768907.0,200002.0,408080.0,25935.0,4489669.0,,,34.0,28.0,35.0,479.0,"2424 7th Ave. W Seattle, WA 98119 ",47.6406983,-122.3655893,Cascade Parent Partnership,0.4926835909154463,9373.004175365344
Coe Elementary,2022-23,61680.0,3934543.0,249000.0,403823.0,43151.0,4692197.0,,,27.0,34.0,29.0,455.0,"2424 7th Ave. W Seattle, WA 98119 ",47.6406983,-122.3655893,Cascade Parent Partnership,0.4926835909154463,10312.520879120879
Coe Elementary,2023-24,62460.0,3861626.0,251541.0,368591.0,45506.0,4589724.0,,,24.0,37.0,37.0,442.0,"2424 7th Ave. W Seattle, WA 98119 ",47.6406983,-122.3655893,Cascade Parent Partnership,0.4926835909154463,10383.990950226244
Concord International Elementary,2021-22,231786.0,2874031.0,2541.0,204130.0,179363.0,3893010.0,259715.0,143985.0,111.0,216.0,18.0,310.0,"723 S. Concord St. Seattle, WA 98108 ",47.5235665,-122.3245331,Highland Park Elementary,1.1408865051075212,12558.09677419355
Concord International Elementary,2022-23,339279.0,3181290.0,0.0,215847.0,166979.0,4380048.0,339888.0,136765.0,150.0,196.0,17.0,318.0,"723 S. Concord St. Seattle, WA 98108 ",47.5235665,-122.3245331,Highland Park Elementary,1.1408865051075212,13773.735849056604
Concord International Elementary,2023-24,498823.0,2907047.0,0.0,296771.0,151595.0,4312242.0,356000.0,99465.0,155.0,188.0,28.0,290.0,"723 S. Concord St. Seattle, WA 98108 ",47.5235665,-122.3245331,Highland Park Elementary,1.1408865051075212,14869.8
Benjamin Franklin Day Elementary,2021-22,86745.0,3414066.0,87090.0,1095755.0,32418.0,5115314.0,399240.0,,34.0,59.0,58.0,394.0,"3921 Linden Ave. N Seattle, WA 98103 ",47.6547636,-122.3491178,Cascade Parent Partnership,0.7465696937687096,12983.030456852792
Benjamin Franklin Day Elementary,2022-23,123201.0,3420465.0,195000.0,1047006.0,57536.0,5375213.0,532005.0,,47.0,71.0,51.0,383.0,"3921 Linden Ave. N Seattle, WA 98103 ",47.6547636,-122.3491178,Cascade Parent Partnership,0.7465696937687096,14034.498694516971
Benjamin Franklin Day Elementary,2023-24,93714.0,3310841.0,182541.0,1146956.0,60674.0,5345760.0,551034.0,,37.0,37.0,53.0,363.0,"3921 Linden Ave. N Seattle, WA 98103 ",47.6547636,-122.3491178,Cascade Parent Partnership,0.7465696937687096,14726.611570247935
Dearborn Park International Elementary,2021-22,289578.0,2858582.0,2541.0,455227.0,169289.0,4371033.0,482787.0,115570.0,132.0,182.0,19.0,310.0,"2820 S Orcas St. Seattle, WA 98108 ",47.55235330000001,-122.2962993,Orca K-8,0.9621938292629896,14100.106451612903
Dearborn Park International Elementary,2022-23,308337.0,3029283.0,0.0,558387.0,167053.0,4850493.0,684727.0,102706.0,132.0,155.0,18.0,301.0,"2820 S Orcas St. Seattle, WA 98108 ",47.55235330000001,-122.2962993,Orca K-8,0.9621938292629896,16114.594684385382
Dearborn Park International Elementary,2023-24,312458.0,3150099.0,0.0,460580.0,151007.0,4750486.0,595374.0,78427.0,127.0,166.0,12.0,301.0,"2820 S Orcas St. Seattle, WA 98108 ",47.55235330000001,-122.2962993,Orca K-8,0.9621938292629896,15782.345514950166
Decatur Elementary,2021-22,28700.0,1622165.0,39814.0,52610.0,25935.0,1769224.0,,,2.0,6.0,6.0,178.0,"7711 43rd Ave. NE Seattle, WA 98115 ",47.6856334,-122.2825499,Thornton Creek Elementary,0.04002668665855161,9939.460674157302
Decatur Elementary,2022-23,30646.0,1974956.0,46465.0,55483.0,43151.0,2150701.0,,,5.0,4.0,5.0,211.0,"7711 43rd Ave. NE Seattle, WA 98115 ",47.6856334,-122.2825499,Thornton Creek Elementary,0.04002668665855161,10192.895734597156
Decatur Elementary,2023-24,30977.0,2216597.0,51642.0,71727.0,45506.0,2416449.0,,,1.0,6.0,11.0,234.0,"7711 43rd Ave. NE Seattle, WA 98115 ",47.6856334,-122.2825499,Thornton Creek Elementary,0.04002668665855161,10326.705128205129
Dunlap Elementary,2021-22,492145.0,2431895.0,2541.0,911775.0,177466.0,4394286.0,200000.0,181005.0,127.0,177.0,68.0,244.0,"4525 S Cloverdale St. Seattle, WA 98118 ",47.525034,-122.2747056,South Shore PK-8,0.1486628289440171,18009.368852459018
Dunlap Elementary,2022-23,493246.0,2413027.0,0.0,1018078.0,183060.0,4501834.0,226667.0,167756.0,116.0,158.0,70.0,214.0,"4525 S Cloverdale St. Seattle, WA 98118 ",47.525034,-122.2747056,South Shore PK-8,0.1486628289440171,21036.607476635512
Dunlap Elementary,2023-24,717808.0,2714846.0,0.0,993930.0,170716.0,5062990.0,307019.0,156130.0,164.0,167.0,74.0,249.0,"4525 S Cloverdale St. Seattle, WA 98118 ",47.525034,-122.2747056,South Shore PK-8,0.1486628289440171,20333.293172690763
Emerson Elementary,2021-22,318600.0,3393164.0,2541.0,984378.0,204011.0,5461105.0,319637.0,241315.0,148.0,243.0,41.0,333.0,"9709 60th Ave. S Seattle, WA 98118 ",47.51463589999999,-122.258873,South Shore PK-8,0.8921073656280678,16399.714714714715
Emerson Elementary,2022-23,339256.0,3315164.0,0.0,1012945.0,210504.0,5549267.0,454233.0,217165.0,149.0,214.0,35.0,300.0,"9709 60th Ave. S Seattle, WA 98118 ",47.51463589999999,-122.258873,South Shore PK-8,0.8921073656280678,18497.556666666667
Emerson Elementary,2023-24,373997.0,3593771.0,0.0,1075190.0,191496.0,5901625.0,474695.0,189935.0,111.0,229.0,40.0,315.0,"9709 60th Ave. S Seattle, WA 98118 ",47.51463589999999,-122.258873,South Shore PK-8,0.8921073656280678,18735.31746031746
Fairmount Park Elementary,2021-22,86792.0,3908640.0,7041.0,963405.0,32418.0,4991255.0,,,36.0,74.0,73.0,469.0,"3800 SW Findlay St. Seattle, WA 98126 ",47.5525743,-122.3804324,West Seattle Elementary,0.8107146124558988,10642.33475479744
Fairmount Park Elementary,2022-23,92327.0,3737759.0,0.0,858500.0,57536.0,4746122.0,,,32.0,77.0,63.0,431.0,"3800 SW Findlay St. Seattle, WA 98126 ",47.5525743,-122.3804324,West Seattle Elementary,0.8107146124558988,11011.883990719258
Fairmount Park Elementary,2023-24,62344.0,3462989.0,0.0,911641.0,60674.0,4504689.0,,,19.0,65.0,71.0,379.0,"3800 SW Findlay St. Seattle, WA 98126 ",47.5525743,-122.3804324,West Seattle Elementary,0.8107146124558988,11885.722955145118
Gatewood Elementary,2021-22,57722.0,2906145.0,25000.0,613280.0,32418.0,3634565.0,,,18.0,54.0,38.0,338.0,"4320 SW Myrtle St. Seattle, WA 98136 ",47.5403598,-122.388293,West Seattle Elementary,0.6855009755421946,10753.150887573964
Gatewood Elementary,2022-23,30831.0,2958691.0,50000.0,509108.0,57536.0,3606166.0,,,13.0,50.0,28.0,334.0,"4320 SW Myrtle St. Seattle, WA 98136 ",47.5403598,-122.388293,West Seattle Elementary,0.6855009755421946,10796.904191616766
Gatewood Elementary,2023-24,31207.0,3278396.0,2541.0,532140.0,60674.0,3904958.0,,,11.0,42.0,25.0,366.0,"4320 SW Myrtle St. Seattle, WA 98136 ",47.5403598,-122.388293,West Seattle Elementary,0.6855009755421946,10669.284153005465
Bailey Gatzert Elementary,2021-22,202742.0,3123359.0,49419.0,891284.0,187824.0,5015807.0,399240.0,211358.0,94.0,241.0,45.0,301.0,"1301 E Yesler Way Seattle, WA 98122 ",47.6011549,-122.3159697,Thurgood Marshall Elementary,1.030315068178407,16663.810631229237
Bailey Gatzert Elementary,2022-23,277436.0,2984113.0,2541.0,1025636.0,193536.0,5279452.0,532005.0,217307.0,116.0,230.0,53.0,287.0,"1301 E Yesler Way Seattle, WA 98122 ",47.6011549,-122.3159697,Thurgood Marshall Elementary,1.030315068178407,18395.303135888502
Bailey Gatzert Elementary,2023-24,405296.0,3536553.0,0.0,1065576.0,189559.0,6019306.0,551034.0,268747.0,126.0,260.0,49.0,324.0,"1301 E Yesler Way Seattle, WA 98122 ",47.6011549,-122.3159697,Thurgood Marshall Elementary,1.030315068178407,18578.104938271605
Genesee Hill Elementary,2021-22,57676.0,4325259.0,104664.0,1187177.0,25935.0,5700711.0,,,16.0,46.0,66.0,558.0,"5013 SW Dakota St. Seattle, WA 98116 ",47.5664617,-122.3962994,Alki Elementary,0.4284647335413581,10216.327956989247
Genesee Hill Elementary,2022-23,61450.0,4525935.0,95000.0,1172240.0,43151.0,5897776.0,,,17.0,50.0,54.0,515.0,"5013 SW Dakota St. Seattle, WA 98116 ",47.5664617,-122.3962994,Alki Elementary,0.4284647335413581,11451.992233009709
Genesee Hill Elementary,2023-24,62321.0,4029490.0,138541.0,1074440.0,45506.0,5350298.0,,,18.0,28.0,55.0,467.0,"5013 SW Dakota St. Seattle, WA 98116 ",47.5664617,-122.3962994,Alki Elementary,0.4284647335413581,11456.740899357601
Graham Hill Elementary,2021-22,231763.0,2494965.0,2541.0,963711.0,168965.0,4058522.0,99413.0,99705.0,110.0,163.0,42.0,281.0,"5149 S Graham St. Seattle, WA 98118 ",47.5454727,-122.2683963,"Martin Luther King, Jr. Elementary",0.47683445143282704,14443.138790035588
Graham Hill Elementary,2022-23,215733.0,2501226.0,0.0,1117478.0,162579.0,4092362.0,0.0,95346.0,88.0,146.0,34.0,236.0,"5149 S Graham St. Seattle, WA 98118 ",47.5454727,-122.2683963,"Martin Luther King, Jr. Elementary",0.47683445143282704,17340.51694915254
Graham Hill Elementary,2023-24,311745.0,2607350.0,0.0,1156539.0,143197.0,4315237.0,0.0,93865.0,96.0,139.0,33.0,248.0,"5149 S Graham St. Seattle, WA 98118 ",47.5454727,-122.2683963,"Martin Luther King, Jr. Elementary",0.47683445143282704,17400.149193548386
Green Lake Elementary,2021-22,57929.0,3205267.0,90000.0,1452873.0,25935.0,4832004.0,,,27.0,37.0,66.0,369.0,"2400 N 65th St. Seattle, WA 98103 ",47.6763333,-122.3286156,John Rogers Elementary,0.2983422804283838,13094.861788617885
Green Lake Elementary,2022-23,123155.0,2926801.0,118344.0,1299397.0,57536.0,4525233.0,,,45.0,49.0,54.0,282.0,"2400 N 65th St. Seattle, WA 98103 ",47.6763333,-122.3286156,John Rogers Elementary,0.2983422804283838,16046.925531914894
Green Lake Elementary,2023-24,124915.0,3026065.0,142173.0,1607861.0,60674.0,4961688.0,,,48.0,71.0,66.0,321.0,"2400 N 65th St. Seattle, WA 98103 ",47.6763333,-122.3286156,John Rogers Elementary,0.2983422804283838,15456.971962616823
Greenwood Elementary,2021-22,28859.0,2726431.0,86241.0,759405.0,25936.0,3540631.0,,,9.0,29.0,58.0,321.0,"144 NW 80th St. Seattle, WA 98117 ",47.6872476,-122.3599141,Whittier Elementary,0.6758351016588825,11030.003115264797
Greenwood Elementary,2022-23,61426.0,2798405.0,0.0,775084.0,57536.0,3692451.0,,,16.0,35.0,51.0,300.0,"144 NW 80th St. Seattle, WA 98117 ",47.6872476,-122.3599141,Whittier Elementary,0.6758351016588825,12308.17
Greenwood Elementary,2023-24,31092.0,2943809.0,0.0,839713.0,60674.0,3961529.0,,,6.0,20.0,57.0,318.0,"144 NW 80th St. Seattle, WA 98117 ",47.6872476,-122.3599141,Whittier Elementary,0.6758351016588825,12457.638364779874
Hawthorne Elementary,2021-22,376469.0,3746410.0,2541.0,686103.0,51870.0,4947778.0,,86926.0,81.0,152.0,36.0,409.0,"4100 39th Ave. S Seattle, WA 98118 ",47.565712,-122.2834094,John Muir Elementary,0.6254740291569536,12097.256723716382
Hawthorne Elementary,2022-23,431681.0,3427006.0,0.0,509198.0,57536.0,4491887.0,,66466.0,94.0,113.0,28.0,366.0,"4100 39th Ave. S Seattle, WA 98118 ",47.565712,-122.2834094,John Muir Elementary,0.6254740291569536,12272.915300546449
Hawthorne Elementary,2023-24,437567.0,3430279.0,0.0,440937.0,61793.0,4373117.0,,0.0,92.0,93.0,39.0,373.0,"4100 39th Ave. S Seattle, WA 98118 ",47.565712,-122.2834094,John Muir Elementary,0.6254740291569536,11724.174262734585
John Hay Elementary,2021-22,115606.0,3120152.0,239999.0,1083051.0,25935.0,4584743.0,,,43.0,57.0,46.0,370.0,"201 Garfield St. Seattle, WA 98109 ",47.6325611,-122.3527873,Queen Anne Elementary,0.4094989927052013,12391.197297297298
John Hay Elementary,2022-23,123292.0,2871149.0,100000.0,1089897.0,57536.0,4241874.0,,,51.0,50.0,38.0,301.0,"201 Garfield St. Seattle, WA 98109 ",47.6325611,-122.3527873,Queen Anne Elementary,0.4094989927052013,14092.60465116279
John Hay Elementary,2023-24,93621.0,2437685.0,139541.0,1238189.0,60674.0,3969710.0,,,33.0,60.0,41.0,254.0,"201 Garfield St. Seattle, WA 98109 ",47.6325611,-122.3527873,Queen Anne Elementary,0.4094989927052013,15628.779527559054
Highland Park Elementary,2021-22,173718.0,3054585.0,2541.0,686003.0,167788.0,4409226.0,199622.0,127510.0,78.0,194.0,36.0,302.0,"1012 SW Trenton St. Seattle, WA 98106 ",47.5255954,-122.3487292,Sanislo Elementary,1.0979445202849247,14600.086092715232
Highland Park Elementary,2022-23,184858.0,2670701.0,0.0,509068.0,162601.0,3970830.0,335269.0,108333.0,73.0,163.0,25.0,273.0,"1012 SW Trenton St. Seattle, WA 98106 ",47.5255954,-122.3487292,Sanislo Elementary,1.0979445202849247,14545.164835164835
Highland Park Elementary,2023-24,187585.0,2752076.0,0.0,613650.0,146322.0,4022817.0,201524.0,119119.0,81.0,168.0,27.0,275.0,"1012 SW Trenton St. Seattle, WA 98106 ",47.5255954,-122.3487292,Sanislo Elementary,1.0979445202849247,14628.425454545455
Kimball Elementary,2021-22,260511.0,3830692.0,44658.0,1386904.0,51870.0,5900063.0,219999.0,105429.0,114.0,182.0,59.0,418.0,"3200 23rd Ave. S Seattle, WA 98144 ",47.5740408,-122.3020948,John Muir Elementary,0.5385302963552975,14114.983253588516
Kimball Elementary,2022-23,246793.0,3817810.0,13541.0,1466472.0,57536.0,5973766.0,284466.0,100689.0,111.0,165.0,60.0,377.0,"3200 23rd Ave. S Seattle, WA 98144 ",47.5740408,-122.3020948,John Muir Elementary,0.5385302963552975,15845.533156498674
Kimball Elementary,2023-24,250115.0,3980523.0,0.0,1679783.0,60674.0,6396532.0,317287.0,94609.0,108.0,165.0,76.0,367.0,"3200 23rd Ave. S Seattle, WA 98144 ",47.5740408,-122.3020948,John Muir Elementary,0.5385302963552975,17429.24250681199
"Martin Luther King, Jr. Elementary",2021-22,173788.0,2542417.0,2541.0,958324.0,186529.0,4312416.0,255000.0,196358.0,81.0,195.0,43.0,262.0,"6725 45th Ave. S Seattle, WA 98118 ",47.5417457,-122.2769761,Graham Hill Elementary,0.47683445143282704,16459.603053435116
"Martin Luther King, Jr. Elementary",2022-23,215939.0,2424037.0,0.0,1013233.0,186837.0,4304005.0,289000.0,174959.0,97.0,166.0,44.0,225.0,"6725 45th Ave. S Seattle, WA 98118 ",47.5417457,-122.2769761,Graham Hill Elementary,0.47683445143282704,19128.911111111112
"Martin Luther King, Jr. Elementary",2023-24,342815.0,2651180.0,0.0,1075409.0,174212.0,4772623.0,400000.0,126466.0,101.0,174.0,42.0,252.0,"6725 45th Ave. S Seattle, WA 98118 ",47.5417457,-122.2769761,Graham Hill Elementary,0.47683445143282704,18938.98015873016
Lafayette Elementary,2021-22,57745.0,3577993.0,2541.0,1261951.0,32419.0,4930108.0,,,19.0,62.0,60.0,426.0,"2645 California Ave. SW Seattle, WA 98116 ",47.580006,-122.387071,Alki Elementary,0.6822176221188441,11573.023474178404
Lafayette Elementary,2022-23,61473.0,4218272.0,0.0,1334346.0,57536.0,5671627.0,,,18.0,68.0,60.0,465.0,"2645 California Ave. SW Seattle, WA 98116 ",47.580006,-122.387071,Alki Elementary,0.6822176221188441,12197.047311827957
Lafayette Elementary,2023-24,62550.0,4320026.0,0.0,1454319.0,60674.0,5900110.0,,,28.0,59.0,69.0,471.0,"2645 California Ave. SW Seattle, WA 98116 ",47.580006,-122.387071,Alki Elementary,0.6822176221188441,12526.772823779193
Laurelhurst Elementary,2021-22,86698.0,2391103.0,138768.0,911106.0,64838.0,3592513.0,,,32.0,77.0,38.0,253.0,"4530 46th Ave. NE Seattle, WA 98105 ",47.6621998,-122.2780341,Bryant Elementary,0.8904080322847421,14199.656126482214
Laurelhurst Elementary,2022-23,61589.0,2359162.0,163517.0,747157.0,71922.0,3403347.0,,,23.0,73.0,30.0,230.0,"4530 46th Ave. NE Seattle, WA 98105 ",47.6621998,-122.2780341,Bryant Elementary,0.8904080322847421,14797.160869565218
Laurelhurst Elementary,2023-24,124804.0,2588644.0,195861.0,849386.0,75843.0,3834538.0,,,43.0,85.0,34.0,272.0,"4530 46th Ave. NE Seattle, WA 98105 ",47.6621998,-122.2780341,Bryant Elementary,0.8904080322847421,14097.566176470587
Lawton Elementary,2021-22,57906.0,2689895.0,97860.0,554485.0,25935.0,3426081.0,,,26.0,22.0,26.0,330.0,"4000 27th Ave. W Seattle, WA 98199 ",47.6567429,-122.3903984,Catharine Blaine K-8,1.0634187717177777,10382.063636363637
Lawton Elementary,2022-23,30807.0,3137083.0,51887.0,376943.0,43151.0,3639871.0,,,12.0,24.0,18.0,348.0,"4000 27th Ave. W Seattle, WA 98199 ",47.6567429,-122.3903984,Catharine Blaine K-8,1.0634187717177777,10459.399425287356
Lawton Elementary,2023-24,62344.0,3049848.0,64791.0,460780.0,45506.0,3683269.0,,,19.0,17.0,21.0,329.0,"4000 27th Ave. W Seattle, WA 98199 ",47.6567429,-122.3903984,Catharine Blaine K-8,1.0634187717177777,11195.346504559271
Leschi Elementary,2021-22,115630.0,3142009.0,2541.0,686123.0,51870.0,4496600.0,402949.0,98019.0,44.0,165.0,35.0,325.0,"135 32nd Ave. Seattle, WA 98122 ",47.6023181,-122.2917308,Madrona Elementary,0.7021574799099641,13835.692307692309
Leschi Elementary,2022-23,123108.0,2815247.0,0.0,1096088.0,57536.0,4842983.0,663985.0,87019.0,43.0,140.0,59.0,292.0,"135 32nd Ave. Seattle, WA 98122 ",47.6023181,-122.2917308,Madrona Elementary,0.7021574799099641,16585.55821917808
Leschi Elementary,2023-24,93621.0,2779310.0,0.0,1146716.0,60674.0,4890055.0,698874.0,108319.0,33.0,130.0,53.0,258.0,"135 32nd Ave. Seattle, WA 98122 ",47.6023181,-122.2917308,Madrona Elementary,0.7021574799099641,18953.701550387595
Lowell Elementary,2021-22,144812.0,2714096.0,34854.0,2199891.0,153506.0,5718469.0,345000.0,126310.0,67.0,188.0,114.0,260.0,"1058 E Mercer St. Seattle, WA 98102 ",47.6265363,-122.3185716,Stevens Elementary,0.6172500685922815,21994.111538461537
Lowell Elementary,2022-23,154167.0,3119485.0,49500.0,1899646.0,151275.0,5926868.0,411566.0,141229.0,66.0,200.0,85.0,292.0,"1058 E Mercer St. Seattle, WA 98102 ",47.6265363,-122.3185716,Stevens Elementary,0.6172500685922815,20297.49315068493
Lowell Elementary,2023-24,249449.0,3847933.0,2541.0,2294406.0,148494.0,7169587.0,399000.0,227764.0,79.0,230.0,98.0,346.0,"1058 E Mercer St. Seattle, WA 98102 ",47.6265363,-122.3185716,Stevens Elementary,0.6172500685922815,20721.34971098266
Loyal Heights Elementary,2021-22,57791.0,4056065.0,94022.0,1010543.0,25935.0,5244356.0,,,21.0,35.0,46.0,483.0,"7735 25th Ave. NW Seattle, WA 98117 ",47.6861149,-122.3889003,North Beach Elementary,0.6130673396379954,10857.879917184266
Loyal Heights Elementary,2022-23,61565.0,4386495.0,101865.0,991543.0,43151.0,5584619.0,,,22.0,48.0,45.0,486.0,"7735 25th Ave. NW Seattle, WA 98117 ",47.6861149,-122.3889003,North Beach Elementary,0.6130673396379954,11490.985596707818
Loyal Heights Elementary,2023-24,31207.0,4573915.0,84551.0,1228355.0,45506.0,5963534.0,,,11.0,35.0,45.0,504.0,"7735 25th Ave. NW Seattle, WA 98117 ",47.6861149,-122.3889003,North Beach Elementary,0.6130673396379954,11832.40873015873
Wing Luke Elementary,2021-22,231763.0,2842275.0,2541.0,1116086.0,206601.0,5093282.0,536999.0,159558.0,110.0,231.0,53.0,287.0,"3701 S Kenyon St. Seattle, WA 98118 ",47.5308973,-122.2850067,Rising Star Elementary,0.22402923534339997,17746.62717770035
Wing Luke Elementary,2022-23,246678.0,2797401.0,0.0,1278834.0,199536.0,5077012.0,416023.0,138540.0,106.0,193.0,47.0,278.0,"3701 S Kenyon St. Seattle, WA 98118 ",47.5308973,-122.2850067,Rising Star Elementary,0.22402923534339997,18262.63309352518
Wing Luke Elementary,2023-24,311631.0,2847928.0,0.0,1075280.0,181708.0,5089350.0,488435.0,181827.0,91.0,209.0,30.0,268.0,"3701 S Kenyon St. Seattle, WA 98118 ",47.5308973,-122.2850067,Rising Star Elementary,0.22402923534339997,18990.111940298506
Madrona Elementary,2021-22,86630.0,2325401.0,2541.0,429212.0,51870.0,3252456.0,287450.0,71893.0,29.0,121.0,29.0,247.0,"1121 33rd Ave. Seattle, WA 98122 ",47.6124663,-122.2909046,Leschi Elementary,0.7021574799099641,13167.838056680162
Madrona Elementary,2022-23,61519.0,2324170.0,0.0,349052.0,57536.0,3116449.0,255417.0,68755.0,20.0,110.0,26.0,217.0,"1121 33rd Ave. Seattle, WA 98122 ",47.6124663,-122.2909046,Leschi Elementary,0.7021574799099641,14361.516129032258
Madrona Elementary,2023-24,62390.0,2409733.0,0.0,379040.0,60674.0,3271410.0,268567.0,88465.0,21.0,99.0,25.0,217.0,"1121 33rd Ave. Seattle, WA 98122 ",47.6124663,-122.2909046,Leschi Elementary,0.7021574799099641,15075.622119815669
Magnolia Elementary,2021-22,57767.0,2595875.0,2541.0,805553.0,25935.0,3684752.0,199622.0,,20.0,33.0,41.0,302.0,"2418 28th Ave. W Seattle, WA 98199 ",47.6404893,-122.3922098,Catharine Blaine K-8,0.3928975701977059,12201.165562913908
Magnolia Elementary,2022-23,92348.0,2994210.0,0.0,565790.0,57536.0,4241889.0,532005.0,,33.0,36.0,26.0,328.0,"2418 28th Ave. W Seattle, WA 98199 ",47.6404893,-122.3922098,Catharine Blaine K-8,0.3928975701977059,12932.588414634147
Magnolia Elementary,2023-24,62414.0,2947375.0,0.0,839733.0,60674.0,4463771.0,551034.0,,22.0,35.0,39.0,317.0,"2418 28th Ave. W Seattle, WA 98199 ",47.6404893,-122.3922098,Catharine Blaine K-8,0.3928975701977059,14081.296529968455
Maple Elementary,2021-22,376622.0,4294277.0,2541.0,1109352.0,229168.0,6168392.0,,158973.0,179.0,261.0,49.0,460.0,"4925 Corson Ave. S Seattle, WA 98108 ",47.5581062,-122.3189133,Dearborn Park International Elementary,1.1298062924169445,13409.547826086957
Maple Elementary,2022-23,400892.0,4083489.0,0.0,1068356.0,143842.0,5849478.0,,152899.0,174.0,235.0,44.0,411.0,"4925 Corson Ave. S Seattle, WA 98108 ",47.5581062,-122.3189133,Dearborn Park International Elementary,1.1298062924169445,14232.306569343065
Maple Elementary,2023-24,375078.0,4003215.0,0.0,931006.0,151685.0,5580480.0,,116955.0,158.0,233.0,31.0,401.0,"4925 Corson Ave. S Seattle, WA 98108 ",47.5581062,-122.3189133,Dearborn Park International Elementary,1.1298062924169445,13916.40897755611
Thurgood Marshall Elementary,2021-22,115700.0,3867511.0,33394.0,1498800.0,97255.0,5975562.0,272499.0,90403.0,47.0,159.0,78.0,451.0,"2401 S Irving St. Seattle, WA 98144 ",47.5910069,-122.2998132,Beacon Hill International Elementary,0.8345467794949647,13249.583148558759
Thurgood Marshall Elementary,2022-23,185042.0,3958903.0,31852.0,1640407.0,71922.0,6332963.0,344898.0,99939.0,81.0,163.0,86.0,438.0,"2401 S Irving St. Seattle, WA 98144 ",47.5910069,-122.2998132,Beacon Hill International Elementary,0.8345467794949647,14458.819634703197
Thurgood Marshall Elementary,2023-24,156356.0,4201494.0,37311.0,1761773.0,75843.0,6718684.0,380833.0,105074.0,69.0,174.0,81.0,463.0,"2401 S Irving St. Seattle, WA 98144 ",47.5910069,-122.2998132,Beacon Hill International Elementary,0.8345467794949647,14511.196544276458
McDonald International Elementary,2021-22,173810.0,3983799.0,298966.0,168798.0,25935.0,4651308.0,,,82.0,10.0,12.0,479.0,"144 NE 54th St. Seattle, WA 98105 ",47.6682677,-122.3265499,Green Lake Elementary,0.565499795298854,9710.455114822547
McDonald International Elementary,2022-23,246793.0,3860082.0,240248.0,187984.0,43151.0,4578258.0,,,111.0,19.0,12.0,458.0,"144 NE 54th St. Seattle, WA 98105 ",47.6682677,-122.3265499,Green Lake Elementary,0.565499795298854,9996.196506550219
McDonald International Elementary,2023-24,187654.0,3853467.0,250041.0,224983.0,45506.0,4561651.0,,,84.0,18.0,18.0,470.0,"144 NE 54th St. Seattle, WA 98105 ",47.6682677,-122.3265499,Green Lake Elementary,0.565499795298854,9705.640425531916
McGilvra Elementary,2021-22,57722.0,2061443.0,221611.0,177805.0,25935.0,2544516.0,,,18.0,16.0,11.0,228.0,"1617 38th Ave. E Seattle, WA 98112 ",47.6340809,-122.2848638,Stevens Elementary,1.075468427062689,11160.157894736842
McGilvra Elementary,2022-23,30784.0,2256820.0,166259.0,188054.0,43151.0,2685068.0,,,11.0,22.0,13.0,228.0,"1617 38th Ave. E Seattle, WA 98112 ",47.6340809,-122.2848638,Stevens Elementary,1.075468427062689,11776.61403508772
McGilvra Elementary,2023-24,31114.0,2210471.0,190763.0,225063.0,45506.0,2702917.0,,,7.0,18.0,20.0,222.0,"1617 38th Ave. E Seattle, WA 98112 ",47.6340809,-122.2848638,Stevens Elementary,1.075468427062689,12175.301801801801
Montlake Elementary,2021-22,28883.0,1943428.0,200187.0,402885.0,25935.0,2601318.0,,,10.0,13.0,17.0,227.0,"520 NE Ravenna Blvd Seattle, WA 98115 ",47.6772263,-122.3223597,John Rogers Elementary,0.0,11459.550660792951
Montlake Elementary,2022-23,30738.0,1836831.0,210611.0,558327.0,43151.0,2679658.0,,,9.0,12.0,21.0,177.0,"520 NE Ravenna Blvd Seattle, WA 98115 ",47.6772263,-122.3223597,John Rogers Elementary,0.0,15139.310734463277
Montlake Elementary,2023-24,31114.0,1917383.0,207541.0,460570.0,45506.0,2662114.0,,,7.0,13.0,20.0,174.0,"520 NE Ravenna Blvd Seattle, WA 98115 ",47.6772263,-122.3223597,John Rogers Elementary,0.0,15299.505747126437
John Muir Elementary,2021-22,260764.0,3427775.0,2541.0,554245.0,175419.0,5036806.0,471638.0,146965.0,125.0,226.0,25.0,373.0,"3301 S Horton St. Seattle, WA 98144 ",47.5733368,-122.2906227,Kimball Elementary,0.5385302963552975,13503.501340482573
John Muir Elementary,2022-23,246724.0,3402708.0,0.0,586190.0,177502.0,4891034.0,346887.0,131023.0,108.0,195.0,26.0,331.0,"3301 S Horton St. Seattle, WA 98144 ",47.5733368,-122.2906227,Kimball Elementary,0.5385302963552975,14776.537764350453
John Muir Elementary,2023-24,374158.0,3163814.0,0.0,613880.0,158743.0,4836449.0,362454.0,160859.0,118.0,201.0,32.0,305.0,"3301 S Horton St. Seattle, WA 98144 ",47.5733368,-122.2906227,Kimball Elementary,0.5385302963552975,15857.209836065575
North Beach Elementary,2021-22,57722.0,3173007.0,105155.0,1366752.0,25935.0,4728571.0,275518.0,,18.0,30.0,77.0,369.0,"9018 24th Ave. NW Seattle, WA 98117 ",47.69490769999999,-122.3871277,Loyal Heights Elementary,0.6130673396379954,12814.555555555555
North Beach Elementary,2022-23,61473.0,3271099.0,114000.0,1334416.0,57536.0,4838524.0,0.0,,18.0,39.0,63.0,351.0,"9018 24th Ave. NW Seattle, WA 98117 ",47.69490769999999,-122.3871277,Loyal Heights Elementary,0.6130673396379954,13784.968660968661
North Beach Elementary,2023-24,62344.0,3017732.0,127541.0,1300777.0,60674.0,4844586.0,0.0,,19.0,29.0,60.0,327.0,"9018 24th Ave. NW Seattle, WA 98117 ",47.69490769999999,-122.3871277,Loyal Heights Elementary,0.6130673396379954,14815.247706422018
James Baldwin Elementary,2021-22,434397.0,2099235.0,63320.0,408720.0,134363.0,3344104.0,168071.0,99318.0,108.0,144.0,26.0,202.0,"11725 1st Ave. NE Seattle, WA 98125 ",47.7148062,-122.3294812,Hazel Wolf K-8,0.7053428541256466,16554.970297029704
James Baldwin Elementary,2022-23,431682.0,2049005.0,2541.0,404483.0,130620.0,3455957.0,291090.0,85757.0,94.0,123.0,22.0,176.0,"11725 1st Ave. NE Seattle, WA 98125 ",47.7148062,-122.3294812,Hazel Wolf K-8,0.7053428541256466,19636.11931818182
James Baldwin Elementary,2023-24,468821.0,2460248.0,0.0,613730.0,123311.0,4039105.0,298897.0,71557.0,105.0,123.0,28.0,214.0,"11725 1st Ave. NE Seattle, WA 98125 ",47.7148062,-122.3294812,Hazel Wolf K-8,0.7053428541256466,18874.32242990654
Olympic Hills Elementary,2021-22,289509.0,4292115.0,2541.0,1241670.0,206520.0,6800410.0,606839.0,163757.0,129.0,264.0,58.0,455.0,"13018 20th Ave. NE Seattle, WA 98125 ",47.7237217,-122.3066345,Hazel Wolf K-8,0.7902011729820304,14945.956043956045
Olympic Hills Elementary,2022-23,369947.0,4548194.0,0.0,1285073.0,213603.0,7175477.0,606002.0,152658.0,156.0,238.0,55.0,455.0,"13018 20th Ave. NE Seattle, WA 98125 ",47.7237217,-122.3066345,Hazel Wolf K-8,0.7902011729820304,15770.27912087912
Olympic Hills Elementary,2023-24,405389.0,4435071.0,0.0,1454228.0,191204.0,7271981.0,615518.0,168030.0,130.0,238.0,58.0,434.0,"13018 20th Ave. NE Seattle, WA 98125 ",47.7237217,-122.3066345,Hazel Wolf K-8,0.7902011729820304,16755.71658986175
Olympic View Elementary,2021-22,173833.0,3147634.0,42999.0,706684.0,97256.0,4254157.0,,85751.0,83.0,149.0,30.0,381.0,"504 NE 95th St. Seattle, WA 98115 ",47.6981635,-122.3211883,Sacajawea Elementary,0.6336844260179288,11165.766404199476
Olympic View Elementary,2022-23,215688.0,3338246.0,50000.0,725805.0,105159.0,4516183.0,,81285.0,86.0,135.0,36.0,366.0,"504 NE 95th St. Seattle, WA 98115 ",47.6981635,-122.3211883,Sacajawea Elementary,0.6336844260179288,12339.29781420765
Olympic View Elementary,2023-24,187378.0,3145053.0,180541.0,614010.0,113763.0,4328031.0,,87286.0,72.0,132.0,29.0,334.0,"504 NE 95th St. Seattle, WA 98115 ",47.6981635,-122.3211883,Sacajawea Elementary,0.6336844260179288,12958.176646706586
Queen Anne Elementary,2021-22,28883.0,2061438.0,76087.0,203950.0,25935.0,2396293.0,,,10.0,16.0,15.0,227.0,"2100 4th Ave. N Seattle, WA 98109 ",47.6377989,-122.3486821,John Hay Elementary,0.4094989927052013,10556.356828193833
Queen Anne Elementary,2022-23,30852.0,2299981.0,161108.0,188044.0,57536.0,2737521.0,,,14.0,164.0,14.0,241.0,"2100 4th Ave. N Seattle, WA 98109 ",47.6377989,-122.3486821,John Hay Elementary,0.4094989927052013,11359.008298755187
Queen Anne Elementary,2023-24,31114.0,2105187.0,98527.0,532306.0,60674.0,2827808.0,,,7.0,21.0,38.0,207.0,"2100 4th Ave. N Seattle, WA 98109 ",47.6377989,-122.3486821,John Hay Elementary,0.4094989927052013,13660.908212560387
Rainier View Elementary,2021-22,173626.0,2563033.0,2541.0,329893.0,143794.0,3327670.0,,117324.0,74.0,172.0,11.0,254.0,"11650 Beacon Ave. S Seattle, WA 98178 ",47.49907109999999,-122.2632891,Emerson Elementary,1.0949764516219942,13101.062992125984
Rainier View Elementary,2022-23,154098.0,2438786.0,0.0,321171.0,141780.0,3153777.0,,97942.0,63.0,142.0,10.0,229.0,"11650 Beacon Ave. S Seattle, WA 98178 ",47.49907109999999,-122.2632891,Emerson Elementary,1.0949764516219942,13771.951965065502
Rainier View Elementary,2023-24,156334.0,2385077.0,0.0,378881.0,132054.0,3151457.0,,96570.0,68.0,153.0,12.0,234.0,"11650 Beacon Ave. S Seattle, WA 98178 ",47.49907109999999,-122.2632891,Emerson Elementary,1.0949764516219942,13467.764957264957
Rising Star Elementary,2021-22,318440.0,3550599.0,49500.0,1446119.0,225987.0,6365950.0,636240.0,188565.0,141.0,267.0,68.0,333.0,"8311 Beacon Ave. S Seattle, WA 98118 ",47.5289584,-122.2888446,Wing Luke Elementary,0.22402923534339997,19116.966966966967
Rising Star Elementary,2022-23,308474.0,3256168.0,2541.0,1473688.0,180519.0,6245895.0,816300.0,161246.0,138.0,221.0,60.0,277.0,"8311 Beacon Ave. S Seattle, WA 98118 ",47.5289584,-122.2888446,Wing Luke Elementary,0.22402923534339997,22548.357400722023
Rising Star Elementary,2023-24,467687.0,3629995.0,0.0,1598293.0,149953.0,6847026.0,819638.0,178919.0,147.0,229.0,64.0,310.0,"8311 Beacon Ave. S Seattle, WA 98118 ",47.5289584,-122.2888446,Wing Luke Elementary,0.22402923534339997,22087.18064516129
John Rogers Elementary,2021-22,144651.0,2846873.0,2541.0,805384.0,51870.0,4050607.0,135851.0,65978.0,60.0,114.0,31.0,295.0,"520 NE Ravenna Blvd Seattle, WA 98115 ",47.6772263,-122.3223597,Montlake Elementary,0.0,13730.871186440678
John Rogers Elementary,2022-23,123178.0,2516704.0,0.0,719324.0,57536.0,3475539.0,0.0,58797.0,46.0,97.0,24.0,261.0,"520 NE Ravenna Blvd Seattle, WA 98115 ",47.6772263,-122.3223597,Montlake Elementary,0.0,13316.241379310344
John Rogers Elementary,2023-24,156171.0,2443888.0,0.0,920873.0,60674.0,3636316.0,0.0,52169.0,61.0,92.0,34.0,242.0,"520 NE Ravenna Blvd Seattle, WA 98115 ",47.6772263,-122.3223597,Montlake Elementary,0.0,15026.099173553719
Roxhill Elementary,2021-22,144789.0,2372873.0,2541.0,759256.0,147677.0,3639120.0,120474.0,94051.0,66.0,149.0,29.0,251.0,"7740 34th Ave. SW Seattle, WA 98126 ",47.5327784,-122.3747386,West Seattle Elementary,0.6205705377128216,14498.486055776892
Roxhill Elementary,2022-23,123224.0,2373965.0,0.0,747077.0,143844.0,3568989.0,81366.0,99513.0,48.0,145.0,23.0,212.0,"7740 34th Ave. SW Seattle, WA 98126 ",47.5327784,-122.3747386,West Seattle Elementary,0.6205705377128216,16834.853773584906
Roxhill Elementary,2023-24,125103.0,2621591.0,0.0,757863.0,134927.0,3817265.0,39000.0,136240.0,56.0,156.0,26.0,245.0,"7740 34th Ave. SW Seattle, WA 98126 ",47.5327784,-122.3747386,West Seattle Elementary,0.6205705377128216,15580.673469387755
Sacajawea Elementary,2021-22,86675.0,1869712.0,14433.0,1592044.0,64838.0,3627702.0,,,31.0,50.0,85.0,191.0,"9501 20th Ave. NE Seattle, WA 98115 ",47.69853250000001,-122.3076125,Olympic View Elementary,0.6336844260179288,18993.204188481675
Sacajawea Elementary,2022-23,61656.0,1879465.0,24834.0,1572274.0,71922.0,3610151.0,,,26.0,39.0,71.0,162.0,"9501 20th Ave. NE Seattle, WA 98115 ",47.69853250000001,-122.3076125,Olympic View Elementary,0.6336844260179288,22284.882716049382
Sacajawea Elementary,2023-24,31253.0,2180801.0,19541.0,2078503.0,75843.0,4385941.0,,,13.0,46.0,86.0,189.0,"9501 20th Ave. NE Seattle, WA 98115 ",47.69853250000001,-122.3076125,Olympic View Elementary,0.6336844260179288,23206.037037037036
Sand Point Elementary,2021-22,86745.0,2177582.0,52500.0,832068.0,51870.0,3614698.0,416045.0,50388.0,34.0,86.0,45.0,212.0,"6208 60th Ave. NE Seattle, WA 98115 ",47.6736442,-122.2627823,View Ridge Elementary,0.7793398948623026,17050.462264150945
Sand Point Elementary,2022-23,92556.0,2170139.0,2541.0,851907.0,57536.0,3743914.0,465839.0,53437.0,42.0,84.0,43.0,189.0,"6208 60th Ave. NE Seattle, WA 98115 ",47.6736442,-122.2627823,View Ridge Elementary,0.7793398948623026,19809.068783068782
Sand Point Elementary,2023-24,62505.0,1968692.0,0.0,767942.0,60674.0,3481994.0,550591.0,69049.0,26.0,82.0,40.0,144.0,"6208 60th Ave. NE Seattle, WA 98115 ",47.6736442,-122.2627823,View Ridge Elementary,0.7793398948623026,24180.51388888889
Sanislo Elementary,2021-22,115814.0,2016740.0,2541.0,706604.0,135480.0,3384784.0,342794.0,67352.0,52.0,107.0,29.0,187.0,"1812 SW Myrtle St. Seattle, WA 98106 ",47.5399259,-122.3588752,Louisa Boren STEM K-8,0.6171444646799542,18100.449197860962
Sanislo Elementary,2022-23,154213.0,2001172.0,0.0,774857.0,126418.0,3501054.0,370621.0,73773.0,68.0,107.0,32.0,170.0,"1812 SW Myrtle St. Seattle, WA 98106 ",47.5399259,-122.3588752,Louisa Boren STEM K-8,0.6171444646799542,20594.435294117648
Sanislo Elementary,2023-24,156218.0,1938321.0,0.0,532350.0,120426.0,3200750.0,366532.0,84362.0,63.0,113.0,28.0,168.0,"1812 SW Myrtle St. Seattle, WA 98106 ",47.5399259,-122.3588752,Louisa Boren STEM K-8,0.6171444646799542,19052.083333333332
John Stanford International Elementary,2021-22,173741.0,3767114.0,352002.0,256580.0,25935.0,4575372.0,,,79.0,31.0,24.0,471.0,"4057 5th Ave. NE Seattle, WA 98105 ",47.6571887,-122.3239022,McDonald International Elementary,0.7753189929716797,9714.16560509554
John Stanford International Elementary,2022-23,184996.0,3876668.0,249999.0,243668.0,43151.0,4598482.0,,,79.0,36.0,20.0,451.0,"4057 5th Ave. NE Seattle, WA 98105 ",47.6571887,-122.3239022,McDonald International Elementary,0.7753189929716797,10196.190687361419
John Stanford International Elementary,2023-24,124804.0,3569550.0,250041.0,225203.0,43183.0,4212781.0,,,43.0,24.0,18.0,411.0,"4057 5th Ave. NE Seattle, WA 98105 ",47.6571887,-122.3239022,McDonald International Elementary,0.7753189929716797,10250.075425790754
Stevens Elementary,2021-22,28929.0,1743697.0,2541.0,765490.0,97255.0,2635371.0,,,12.0,58.0,38.0,184.0,"1242 18th Ave. E Seattle, WA 98112 ",47.6314908,-122.307573,Lowell Elementary,0.6172500685922815,14322.66847826087
Stevens Elementary,2022-23,61450.0,1850545.0,0.0,691594.0,107882.0,2711471.0,,,17.0,57.0,23.0,180.0,"1242 18th Ave. E Seattle, WA 98112 ",47.6314908,-122.307573,Lowell Elementary,0.6172500685922815,15063.727777777778
Stevens Elementary,2023-24,62321.0,1707216.0,0.0,623610.0,113764.0,2509452.0,,,18.0,44.0,21.0,161.0,"1242 18th Ave. E Seattle, WA 98112 ",47.6314908,-122.307573,Lowell Elementary,0.6172500685922815,15586.658385093167
Thornton Creek Elementary,2021-22,57791.0,4238430.0,120000.0,1352415.0,25935.0,6193813.0,399242.0,,21.0,41.0,83.0,527.0,"7712 40th Ave. NE Seattle, WA 98115 ",47.6858533,-122.2833437,Decatur Elementary,0.04002668665855161,11752.965844402277
Thornton Creek Elementary,2022-23,123224.0,4224657.0,60833.0,1319283.0,43151.0,6303153.0,532005.0,,48.0,45.0,66.0,465.0,"7712 40th Ave. NE Seattle, WA 98115 ",47.6858533,-122.2833437,Decatur Elementary,0.04002668665855161,13555.167741935484
Thornton Creek Elementary,2023-24,93644.0,3775569.0,56171.0,1524438.0,45506.0,6046363.0,551035.0,,34.0,37.0,54.0,409.0,"7712 40th Ave. NE Seattle, WA 98115 ",47.6858533,-122.2833437,Decatur Elementary,0.04002668665855161,14783.283618581907
View Ridge Elementary,2021-22,57860.0,3263310.0,196740.0,759226.0,25935.0,4303071.0,,,24.0,35.0,38.0,412.0,"7047 50th Ave. NE Seattle, WA 98115 ",47.6806967,-122.2758186,Decatur Elementary,0.46361748102407085,10444.347087378641
View Ridge Elementary,2022-23,61610.0,2997669.0,112182.0,802858.0,57536.0,4031855.0,,,24.0,40.0,36.0,323.0,"7047 50th Ave. NE Seattle, WA 98115 ",47.6806967,-122.2758186,Decatur Elementary,0.46361748102407085,12482.523219814242
View Ridge Elementary,2023-24,31184.0,2575969.0,132541.0,451091.0,45506.0,3236291.0,,,10.0,28.0,25.0,261.0,"7047 50th Ave. NE Seattle, WA 98115 ",47.6806967,-122.2758186,Decatur Elementary,0.46361748102407085,12399.582375478927
Viewlands Elementary,2021-22,144605.0,2841261.0,2541.0,686393.0,97255.0,3769514.0,67783.0,59458.0,58.0,111.0,31.0,326.0,"10525 3rd Ave NW Seattle, WA 98177 ",47.7054729,-122.3616027,Greenwood Elementary,1.2615882886157699,11562.926380368099
Viewlands Elementary,2022-23,154144.0,2628096.0,0.0,725795.0,107882.0,3743158.0,36500.0,65574.0,65.0,100.0,31.0,281.0,"10525 3rd Ave NW Seattle, WA 98177 ",47.7054729,-122.3616027,Greenwood Elementary,1.2615882886157699,13320.846975088967
Viewlands Elementary,2023-24,124873.0,2379558.0,0.0,532540.0,113763.0,3255349.0,0.0,0.0,46.0,96.0,31.0,253.0,"10525 3rd Ave NW Seattle, WA 98177 ",47.7054729,-122.3616027,Greenwood Elementary,1.2615882886157699,12866.99209486166
Wedgwood Elementary,2021-22,57837.0,3150719.0,128780.0,356290.0,25935.0,3719561.0,,,23.0,27.0,17.0,396.0,"2720 NE 85th St. Seattle, WA 98115 ",47.690527,-122.2970783,Thornton Creek Elementary,0.7174660962543363,9392.830808080807
Wedgwood Elementary,2022-23,61519.0,3065778.0,70317.0,83474.0,43151.0,3324239.0,,,20.0,33.0,8.0,370.0,"2720 NE 85th St. Seattle, WA 98115 ",47.690527,-122.2970783,Thornton Creek Elementary,0.7174660962543363,8984.429729729729
Wedgwood Elementary,2023-24,62528.0,2906448.0,83541.0,71997.0,45506.0,3170020.0,,,27.0,23.0,11.0,319.0,"2720 NE 85th St. Seattle, WA 98115 ",47.690527,-122.2970783,Thornton Creek Elementary,0.7174660962543363,9937.366771159875
West Seattle Elementary,2021-22,260626.0,3780782.0,2541.0,1116236.0,235578.0,6310820.0,650445.0,267153.0,119.0,314.0,53.0,376.0,"6760 34th Ave SW Seattle, WA 98126 ",47.5417377,-122.3737812,Roxhill Elementary,0.6205705377128216,16784.09574468085
West Seattle Elementary,2022-23,277460.0,3604641.0,0.0,1207641.0,224564.0,6315931.0,767197.0,234428.0,117.0,266.0,55.0,309.0,"6760 34th Ave SW Seattle, WA 98126 ",47.5417377,-122.3737812,Roxhill Elementary,0.6205705377128216,20439.906148867314
West Seattle Elementary,2023-24,249449.0,3852535.0,0.0,1597833.0,198558.0,6863298.0,719018.0,243364.0,79.0,267.0,65.0,332.0,"6760 34th Ave SW Seattle, WA 98126 ",47.5417377,-122.3737812,Roxhill Elementary,0.6205705377128216,20672.5843373494
West Woodland Elementary,2021-22,28929.0,3611283.0,160000.0,909526.0,25935.0,4735673.0,,,12.0,31.0,56.0,442.0,"5601 4th Ave NW Seattle, WA 98107 ",47.6704976,-122.3623028,Salmon Bay K-8,0.954971827659939,10714.192307692309
West Woodland Elementary,2022-23,30738.0,3277027.0,150000.0,850839.0,43151.0,4351755.0,,,9.0,23.0,41.0,373.0,"5601 4th Ave NW Seattle, WA 98107 ",47.6704976,-122.3623028,Salmon Bay K-8,0.954971827659939,11666.903485254692
West Woodland Elementary,2023-24,31092.0,3270535.0,184541.0,1002433.0,44000.0,4532601.0,,,6.0,23.0,47.0,370.0,"5601 4th Ave NW Seattle, WA 98107 ",47.6704976,-122.3623028,Salmon Bay K-8,0.954971827659939,12250.272972972973
Catharine Blaine K-8,2021-22,57722.0,3808408.0,80999.0,357966.0,25935.0,4331030.0,,,18.0,18.0,43.0,491.0,"2550 34th Ave. W Seattle, WA 98199 ",47.6427608,-122.3999244,Magnolia Elementary,0.3928975701977059,8820.835030549899
Catharine Blaine K-8,2022-23,61426.0,3875265.0,134412.0,250048.0,43151.0,4364302.0,,,16.0,24.0,34.0,451.0,"2550 34th Ave. W Seattle, WA 98199 ",47.6427608,-122.3999244,Magnolia Elementary,0.3928975701977059,9676.944567627494
Catharine Blaine K-8,2023-24,62321.0,3670857.0,235007.0,450241.0,45506.0,4463932.0,,,18.0,15.0,48.0,417.0,"2550 34th Ave. W Seattle, WA 98199 ",47.6427608,-122.3999244,Magnolia Elementary,0.3928975701977059,10704.872901678656
Louisa Boren (STEM),2021-22,173258.0,4560824.0,57660.0,1835095.0,64838.0,6995899.0,199622.0,104602.0,58.0,189.0,86.0,522.0,"5950 Delridge Way SW Seattle, WA 98106 ",47.5485975,-122.3620442,Sanislo Elementary,0.6171444646799542,13402.105363984674
Louisa Boren (STEM),2022-23,153937.0,4569165.0,14000.0,1885116.0,71922.0,6960142.0,266002.0,0.0,56.0,163.0,79.0,483.0,"5950 Delridge Way SW Seattle, WA 98106 ",47.5485975,-122.3620442,Sanislo Elementary,0.6171444646799542,14410.231884057972
Louisa Boren (STEM),2023-24,155851.0,4332798.0,85588.0,1986496.0,75843.0,6912095.0,275519.0,0.0,47.0,142.0,76.0,481.0,"5950 Delridge Way SW Seattle, WA 98106 ",47.5485975,-122.3620442,Sanislo Elementary,0.6171444646799542,14370.259875259875
Broadview-Thomson,2021-22,318371.0,5763714.0,88007.0,2073188.0,231105.0,8604313.0,42817.0,217935.0,138.0,344.0,104.0,614.0,"13052 Greenwood Ave. N Seattle, WA 98133 ",47.7247741,-122.3535206,James Baldwin Elementary,1.3154014229601008,14013.539087947882
Broadview-Thomson,2022-23,400478.0,5773423.0,0.0,2163924.0,252280.0,8800675.0,0.0,210570.0,156.0,317.0,104.0,532.0,"13052 Greenwood Ave. N Seattle, WA 98133 ",47.7247741,-122.3535206,James Baldwin Elementary,1.3154014229601008,16542.622180451126
Broadview-Thomson,2023-24,436388.0,5545963.0,0.0,2537563.0,208902.0,9060143.0,0.0,200503.0,132.0,304.0,111.0,527.0,"13052 Greenwood Ave. N Seattle, WA 98133 ",47.7247741,-122.3535206,James Baldwin Elementary,1.3154014229601008,17191.92220113852
Licton Springs/Webster,2021-22,86561.0,2126927.0,73007.0,686143.0,108431.0,3058963.0,,50901.0,26.0,79.0,54.0,118.0,"3015 NW 68th St. Seattle, WA 98117 ",47.677688,-122.396342,Adams Elementary,0.3639035084506962,25923.415254237287
Licton Springs/Webster,2022-23,61404.0,1922496.0,0.0,670213.0,90191.0,2772276.0,,27972.0,15.0,44.0,45.0,85.0,"3015 NW 68th St. Seattle, WA 98117 ",47.677688,-122.396342,Adams Elementary,0.3639035084506962,32615.011764705883
Licton Springs/Webster,2023-24,31207.0,1721296.0,0.0,1228220.0,84463.0,3171693.0,,33500.0,11.0,44.0,68.0,87.0,"3015 NW 68th St. Seattle, WA 98117 ",47.677688,-122.396342,Adams Elementary,0.3639035084506962,36456.24137931035
Orca/Whitworth,2021-22,115630.0,3958475.0,73007.0,811347.0,64838.0,5033115.0,32684.0,82825.0,44.0,149.0,38.0,437.0,"5215 46th Ave. S Seattle, WA 98118 ",47.5546657,-122.2760114,Graham Hill Elementary,0.7281542717664744,11517.425629290618
Orca/Whitworth,2022-23,184537.0,3904647.0,0.0,432336.0,71922.0,4711431.0,0.0,85305.0,59.0,143.0,25.0,421.0,"5215 46th Ave. S Seattle, WA 98118 ",47.5546657,-122.2760114,Graham Hill Elementary,0.7281542717664744,11191.047505938242
Orca/Whitworth,2023-24,218376.0,3571556.0,0.0,450781.0,75843.0,4491224.0,0.0,101661.0,74.0,139.0,20.0,392.0,"5215 46th Ave. S Seattle, WA 98118 ",47.5546657,-122.2760114,Graham Hill Elementary,0.7281542717664744,11457.204081632653
Pathfinder/Cooper,2021-22,28722.0,3985274.0,35000.0,1795295.0,32418.0,5876709.0,,,3.0,53.0,84.0,497.0,"1901 SW Genesee St. Seattle, WA 98106 ",47.5630264,-122.357964,Louisa Boren STEM K-8,1.0149212368482192,11824.364185110664
Pathfinder/Cooper,2022-23,30669.0,4283071.0,35000.0,1926398.0,57536.0,6332674.0,,,6.0,63.0,91.0,477.0,"1901 SW Genesee St. Seattle, WA 98106 ",47.5630264,-122.357964,Louisa Boren STEM K-8,1.0149212368482192,13276.046121593292
Pathfinder/Cooper,2023-24,31184.0,4256062.0,73007.0,2292573.0,60674.0,6713500.0,,,10.0,45.0,108.0,476.0,"1901 SW Genesee St. Seattle, WA 98106 ",47.5630264,-122.357964,Louisa Boren STEM K-8,1.0149212368482192,14103.991596638656
Monroe/Salmon Bay,2021-22,57676.0,5345875.0,106240.0,1429922.0,25935.0,6965648.0,,,16.0,63.0,114.0,676.0,"1810 NW 65th St. Seattle, WA 98117 ",47.6766131,-122.3806567,Adams Elementary,0.5519140574414556,10304.21301775148
Monroe/Salmon Bay,2022-23,61426.0,5504036.0,85794.0,1289705.0,57536.0,6998497.0,,,16.0,76.0,91.0,678.0,"1810 NW 65th St. Seattle, WA 98117 ",47.6766131,-122.3806567,Adams Elementary,0.5519140574414556,10322.266961651918
Monroe/Salmon Bay,2023-24,31023.0,5536870.0,159007.0,1524397.0,60674.0,7311971.0,,,3.0,34.0,105.0,672.0,"1810 NW 65th St. Seattle, WA 98117 ",47.6766131,-122.3806567,Adams Elementary,0.5519140574414556,10880.909226190477
South Shore,2021-22,260165.0,5073745.0,920000.0,1417964.0,244609.0,9105406.0,943862.0,245061.0,99.0,369.0,91.0,551.0,"4800 S Henderson St. Seattle, WA 98118 ",47.5240982,-122.2718448,Dunlap Elementary,0.1486628289440171,16525.23774954628
South Shore,2022-23,338496.0,5338424.0,920000.0,1471722.0,244369.0,9834177.0,1264796.0,256370.0,116.0,364.0,88.0,540.0,"4800 S Henderson St. Seattle, WA 98118 ",47.5240982,-122.2718448,Dunlap Elementary,0.1486628289440171,18211.43888888889
South Shore,2023-24,529318.0,5696029.0,993007.0,1832426.0,209971.0,10918680.0,1342551.0,315378.0,135.0,385.0,92.0,560.0,"4800 S Henderson St. Seattle, WA 98118 ",47.5240982,-122.2718448,Dunlap Elementary,0.1486628289440171,19497.64285714286
TOPS/Seward,2021-22,115723.0,4158168.0,40754.0,1193821.0,64838.0,5532550.0,,,48.0,134.0,69.0,502.0,"2500 Franklin Ave. E Seattle, WA 98102 ",47.6429425,-122.3238729,John Stanford International Elementary,0.9842172180984622,11021.01593625498
TOPS/Seward,2022-23,154144.0,4464697.0,109007.0,1207060.0,71922.0,5938577.0,,,65.0,139.0,59.0,501.0,"2500 Franklin Ave. E Seattle, WA 98102 ",47.6429425,-122.3238729,John Stanford International Elementary,0.9842172180984622,11853.447105788424
TOPS/Seward,2023-24,156195.0,4475137.0,0.0,1678846.0,75843.0,6495028.0,,,62.0,119.0,77.0,499.0,"2500 Franklin Ave. E Seattle, WA 98102 ",47.6429425,-122.3238729,John Stanford International Elementary,0.9842172180984622,13016.088176352705
Hazel Wolf,2021-22,144765.0,5865465.0,35000.0,1313171.0,32419.0,7367222.0,11402.0,,65.0,137.0,75.0,749.0,"11530 12th Ave. NE Seattle, WA 98125 ",47.7135772,-122.3144634,James Baldwin Elementary,0.7053428541256466,9836.077436582109
Hazel Wolf,2022-23,246310.0,6238724.0,73007.0,1437799.0,57536.0,8015369.0,0.0,,90.0,133.0,68.0,746.0,"11530 12th Ave. NE Seattle, WA 98125 ",47.7135772,-122.3144634,James Baldwin Elementary,0.7053428541256466,10744.462466487936
Hazel Wolf,2023-24,249885.0,6396690.0,0.0,1687827.0,60674.0,8468083.0,0.0,,98.0,123.0,88.0,745.0,"11530 12th Ave. NE Seattle, WA 98125 ",47.7135772,-122.3144634,James Baldwin Elementary,0.7053428541256466,11366.554362416107
Cascade Parent Partnership,2021-22,85907.0,1347742.0,2541.0,329313.0,32419.0,1709474.0,,,0.0,30.0,27.0,188.0,"2919 1st Ave W Seattle, WA 98119 ",47.6462283,-122.3589262,Coe Elementary,0.4926835909154463,9092.946808510638
Cascade Parent Partnership,2022-23,124528.0,2453632.0,0.0,215757.0,57536.0,2812832.0,,,20.0,84.0,19.0,408.0,"2919 1st Ave W Seattle, WA 98119 ",47.6462283,-122.3589262,Coe Elementary,0.4926835909154463,6894.196078431372
Cascade Parent Partnership,2023-24,0.0,2385275.0,0.0,900416.0,60674.0,3473434.0,,,31.0,104.0,79.0,349.0,"2919 1st Ave W Seattle, WA 98119 ",47.6462283,-122.3589262,Coe Elementary,0.4926835909154463,9952.532951289399
